city,state,missing_kids,avg_age,avg_risk,num_hospitals,num_firestations,num_police,lat,lng,cluster
1CHAPARRAL               ,NM,1,23.0,0.0,0.0,0.0,0.0,,,1
1SPRING HILL             ,TN,1,17.0,0.0,0.0,0.0,0.0,,,1
1TULARE                  ,CA,1,16.0,0.0,0.0,0.0,0.0,,,1
ABBEVILLE                ,LA,1,16.0,0.0,0.0,0.0,0.0,,,1
ABERDEEN                 ,MD,1,18.0,0.0,0.0,0.0,0.0,,,1
ABERDEEN                 ,WA,1,45.0,0.0,0.0,0.0,0.0,,,0
ABILENE                  ,TX,2,17.0,0.0,0.0,0.0,0.0,,,1
ADA                      ,MI,1,58.0,0.0,0.0,0.0,0.0,,,0
ADA                      ,OK,1,16.0,0.0,0.0,0.0,0.0,,,1
ADDISON                  ,TX,2,54.5,0.0,0.0,0.0,0.0,,,0
ADELANTO                 ,CA,2,26.0,0.0,0.0,0.0,0.0,,,1
ADJUNTAS                 ,PR,1,50.0,0.0,0.0,0.0,0.0,,,0
AGUA PRIETA              ,  ,1,33.0,0.0,0.0,0.0,0.0,,,1
AIEA                     ,HI,1,5.0,0.0,0.0,0.0,0.0,,,1
AIKEN                    ,SC,2,31.0,0.0,0.0,0.0,0.0,,,1
AITKIN                   ,MN,1,56.0,0.0,0.0,0.0,0.0,,,0
AKRON                    ,OH,3,34.0,0.0,0.0,0.0,0.0,,,1
ALAMOGORDO               ,NM,1,28.0,0.0,0.0,0.0,0.0,,,1
ALBANY                   ,NY,5,28.0,0.0,0.0,0.0,0.0,,,1
ALBANY                   ,OR,1,71.0,0.0,0.0,0.0,0.0,,,0
ALBUQUERQUE              ,NM,8,39.0,0.0,0.0,0.0,0.0,,,1
ALEXANDRIA               ,KY,1,16.0,0.0,0.0,0.0,0.0,,,1
ALEXANDRIA               ,VA,7,20.857142857142858,0.0,0.0,0.0,0.0,,,1
ALFRED                   ,ME,1,57.0,0.0,0.0,0.0,0.0,,,0
ALICEVILLE               ,AL,1,19.0,0.0,0.0,0.0,0.0,,,1
ALLENDALE                ,SC,1,35.0,0.0,0.0,0.0,0.0,,,1
ALLENTOWN                ,PA,1,48.0,0.0,0.0,0.0,0.0,,,0
ALLIANCE                 ,OH,1,32.0,0.0,0.0,0.0,0.0,,,1
ALMA                     ,AR,1,36.0,0.0,0.0,0.0,0.0,,,0
ALMA                     ,MI,1,16.0,0.0,0.0,0.0,0.0,,,1
ALTADENA                 ,CA,1,16.0,0.0,0.0,0.0,0.0,,,1
ALTON                    ,IL,2,16.0,0.0,0.0,0.0,0.0,,,1
ALVIN                    ,TX,1,62.0,0.0,0.0,0.0,0.0,,,0
AMARILLO                 ,TX,4,26.0,0.0,0.0,0.0,0.0,,,1
AMBLER                   ,PA,1,17.0,0.0,0.0,0.0,0.0,,,1
AMHERST                  ,OH,1,17.0,0.0,0.0,0.0,0.0,,,1
AMITYVILLE               ,NY,1,34.0,0.0,0.0,0.0,0.0,,,1
ANACORTES                ,WA,3,55.666666666666664,0.0,0.0,0.0,0.0,,,0
ANAHEIM                  ,CA,4,6.5,0.0,0.0,0.0,0.0,,,1
ANAHOLA                  ,HI,1,53.0,0.0,0.0,0.0,0.0,,,0
ANCHORAGE                ,AK,3,17.0,0.0,0.0,0.0,0.0,,,1
ANDERSON                 ,CA,1,10.0,0.0,0.0,0.0,0.0,,,1
ANDERSON                 ,IN,3,31.333333333333332,0.0,0.0,0.0,0.0,,,1
ANN ARBOR                ,MI,1,69.0,0.0,0.0,0.0,0.0,,,0
ANNA                     ,IL,1,15.0,0.0,0.0,0.0,0.0,,,1
ANNANDALE                ,VA,1,4.0,0.0,0.0,0.0,0.0,,,1
ANNAPOLIS                ,MD,1,24.0,0.0,0.0,0.0,0.0,,,1
ANSONIA                  ,CT,1,6.0,0.0,0.0,0.0,0.0,,,1
ANTIGO                   ,WI,1,31.0,0.0,0.0,0.0,0.0,,,1
ANTIOCH                  ,CA,1,13.0,0.0,0.0,0.0,0.0,,,1
ANTIOCH                  ,TN,4,20.0,0.0,0.0,0.0,0.0,,,1
APOPKA                   ,FL,1,22.0,0.0,0.0,0.0,0.0,,,1
APPLE VALLEY             ,CA,1,12.0,0.0,0.0,0.0,0.0,,,1
ARANSAS PASS             ,TX,1,49.0,0.0,0.0,0.0,0.0,,,0
ARCADIA                  ,FL,2,32.5,0.0,0.0,0.0,0.0,,,1
ARDMORE                  ,PA,2,56.0,0.0,0.0,0.0,0.0,,,0
ARLINGTON                ,TX,4,21.75,0.0,0.0,0.0,0.0,,,1
ARLINGTON                ,VA,4,42.5,0.0,0.0,0.0,0.0,,,0
ARLINGTON                ,WA,1,71.0,0.0,0.0,0.0,0.0,,,0
ARNOLD                   ,MO,1,67.0,0.0,0.0,0.0,0.0,,,0
ARVADA                   ,CO,1,16.0,0.0,0.0,0.0,0.0,,,1
ASHLAND                  ,KY,2,54.0,0.0,0.0,0.0,0.0,,,0
ASHLAND                  ,ME,1,66.0,0.0,0.0,0.0,0.0,,,0
ASHTABULA                ,OH,1,48.0,0.0,0.0,0.0,0.0,,,0
ASOTIN                   ,WA,1,58.0,0.0,0.0,0.0,0.0,,,0
ATCHISON                 ,KS,1,52.0,0.0,0.0,0.0,0.0,,,0
ATHENS                   ,AL,1,15.0,0.0,0.0,0.0,0.0,,,1
ATHENS                   ,GA,1,17.0,0.0,0.0,0.0,0.0,,,1
ATHENS                   ,TX,1,30.0,0.0,0.0,0.0,0.0,,,1
ATLANTA                  ,GA,20,23.15,0.0,0.0,0.0,0.0,,,2
ATLANTA                  ,MO,1,5.0,0.0,0.0,0.0,0.0,,,1
ATLANTIC CITY            ,NJ,3,47.666666666666664,0.0,0.0,0.0,0.0,,,0
ATWATER                  ,CA,1,59.0,0.0,0.0,0.0,0.0,,,0
AUBURN                   ,AL,1,17.0,0.0,0.0,0.0,0.0,,,1
AUBURN                   ,CA,1,56.0,0.0,0.0,0.0,0.0,,,0
AUBURN                   ,WA,1,37.0,0.0,0.0,0.0,0.0,,,0
AUBURNDALE               ,FL,2,39.5,0.0,0.0,0.0,0.0,,,0
AUGUSTA                  ,GA,3,39.0,0.0,0.0,0.0,0.0,,,0
AURORA                   ,CO,4,19.0,0.0,0.0,0.0,0.0,,,1
AURORA                   ,IL,1,20.0,0.0,0.0,0.0,0.0,,,1
AURORA                   ,MO,1,58.0,0.0,0.0,0.0,0.0,,,0
AUSTIN                   ,TX,8,24.25,0.0,0.0,0.0,0.0,,,1
AVONDALE                 ,AZ,1,24.0,0.0,0.0,0.0,0.0,,,1
AZUSA                    ,CA,2,17.0,0.0,0.0,0.0,0.0,,,1
BAKERSFIELD              ,CA,6,22.0,0.0,0.0,0.0,0.0,,,1
BALDWIN PARK             ,CA,1,1.0,0.0,0.0,0.0,0.0,,,1
BALL GROUND              ,GA,1,17.0,0.0,0.0,0.0,0.0,,,1
BALMORHEA                ,TX,1,38.0,0.0,0.0,0.0,0.0,,,0
BALTIMORE                ,MD,13,33.0,0.0,0.0,0.0,0.0,,,1
BARNEGAT                 ,NJ,1,19.0,0.0,0.0,0.0,0.0,,,1
BARRE                    ,MA,1,34.0,0.0,0.0,0.0,0.0,,,1
BARRE                    ,VT,1,16.0,0.0,0.0,0.0,0.0,,,1
BARTOW                   ,FL,2,19.5,0.0,0.0,0.0,0.0,,,1
BATAVIA                  ,OH,1,53.0,0.0,0.0,0.0,0.0,,,0
BATH                     ,MI,1,52.0,0.0,0.0,0.0,0.0,,,0
BATON ROUGE              ,LA,4,13.75,0.0,0.0,0.0,0.0,,,1
BATTLE CREEK             ,MI,1,19.0,0.0,0.0,0.0,0.0,,,1
BAY MINETTE              ,AL,1,17.0,0.0,0.0,0.0,0.0,,,1
BEALETON                 ,VA,1,19.0,0.0,0.0,0.0,0.0,,,1
BEAUFORT                 ,SC,2,15.0,0.0,0.0,0.0,0.0,,,1
BEAUMONT                 ,CA,2,16.5,0.0,0.0,0.0,0.0,,,1
BEAUMONT                 ,TX,1,13.0,0.0,0.0,0.0,0.0,,,1
BEAVER DAM               ,KY,2,9.0,0.0,0.0,0.0,0.0,,,1
BEAVER DAM               ,WI,1,16.0,0.0,0.0,0.0,0.0,,,1
BEDFORD                  ,IA,1,64.0,0.0,0.0,0.0,0.0,,,0
BEL AIR                  ,MD,1,25.0,0.0,0.0,0.0,0.0,,,1
BELCHERTOWN              ,MA,1,17.0,0.0,0.0,0.0,0.0,,,1
BELL GARDENS             ,CA,5,6.8,0.0,0.0,0.0,0.0,,,1
BELLEVILLE               ,IL,1,49.0,0.0,0.0,0.0,0.0,,,0
BELLEVILLE               ,MI,1,17.0,0.0,0.0,0.0,0.0,,,1
BELLEVILLE               ,WV,1,18.0,0.0,0.0,0.0,0.0,,,1
BELLEVUE                 ,NE,1,15.0,0.0,0.0,0.0,0.0,,,1
BELLEVUE                 ,WA,2,18.0,0.0,0.0,0.0,0.0,,,1
BELLFLOWER               ,CA,2,16.5,0.0,0.0,0.0,0.0,,,1
BELMONT                  ,MA,1,22.0,0.0,0.0,0.0,0.0,,,1
BELMONT                  ,NC,1,16.0,0.0,0.0,0.0,0.0,,,1
BEMIDJI                  ,MN,3,29.666666666666668,0.0,0.0,0.0,0.0,,,1
BENICIA                  ,CA,1,15.0,0.0,0.0,0.0,0.0,,,1
BENSALEM                 ,PA,2,35.5,0.0,0.0,0.0,0.0,,,1
BENTON HARBOR            ,MI,1,36.0,0.0,0.0,0.0,0.0,,,0
BERKELEY                 ,CA,1,45.0,0.0,0.0,0.0,0.0,,,0
BERKELEY                 ,MO,2,35.0,0.0,0.0,0.0,0.0,,,1
BESSEMER                 ,AL,1,15.0,0.0,0.0,0.0,0.0,,,1
BETHEL                   ,AK,1,46.0,0.0,0.0,0.0,0.0,,,0
BETHESDA                 ,MD,1,66.0,0.0,0.0,0.0,0.0,,,0
BIG BEAR LAKE            ,CA,1,38.0,0.0,0.0,0.0,0.0,,,0
BIG CREEK                ,KY,1,16.0,0.0,0.0,0.0,0.0,,,1
BIG SANDY                ,TX,1,43.0,0.0,0.0,0.0,0.0,,,0
BILOXI                   ,MS,1,9.0,0.0,0.0,0.0,0.0,,,1
BINGHAMTON               ,NY,1,18.0,0.0,0.0,0.0,0.0,,,1
BIRMINGHAM               ,AL,5,24.8,0.0,0.0,0.0,0.0,,,1
BISBEE                   ,AZ,1,33.0,0.0,0.0,0.0,0.0,,,1
BISCARROSSE              ,  ,1,15.0,0.0,0.0,0.0,0.0,,,1
BISHOP                   ,CA,2,28.0,0.0,0.0,0.0,0.0,,,1
BISMARCK                 ,ND,3,21.0,0.0,0.0,0.0,0.0,,,1
BLACK RIVER FALLS        ,WI,1,33.0,0.0,0.0,0.0,0.0,,,1
BLACKLICK                ,OH,1,17.0,0.0,0.0,0.0,0.0,,,1
BLACKWOOD                ,NJ,1,14.0,0.0,0.0,0.0,0.0,,,1
BLADENSBURG              ,MD,1,32.0,0.0,0.0,0.0,0.0,,,1
BLAIRSVILLE              ,PA,1,53.0,0.0,0.0,0.0,0.0,,,0
BLANCH                   ,NC,1,15.0,0.0,0.0,0.0,0.0,,,1
BLOOMINGTON              ,CA,1,43.0,0.0,0.0,0.0,0.0,,,0
BLOOMINGTON              ,IL,1,3.0,0.0,0.0,0.0,0.0,,,1
BLOOMINGTON              ,IN,2,25.0,0.0,0.0,0.0,0.0,,,1
BLOOMSDALE               ,MO,1,16.0,0.0,0.0,0.0,0.0,,,1
BLUE SPRINGS             ,MO,1,17.0,0.0,0.0,0.0,0.0,,,1
BLUEFIELD                ,WV,1,17.0,0.0,0.0,0.0,0.0,,,1
BLUEMONT                 ,VA,1,16.0,0.0,0.0,0.0,0.0,,,1
BLYTHEVILLE              ,AR,1,53.0,0.0,0.0,0.0,0.0,,,0
BOERNE                   ,TX,1,15.0,0.0,0.0,0.0,0.0,,,1
BOISE                    ,ID,1,48.0,0.0,0.0,0.0,0.0,,,0
BOLINGBROOK              ,IL,1,42.0,0.0,0.0,0.0,0.0,,,0
BONANZA                  ,OR,1,34.0,0.0,0.0,0.0,0.0,,,1
BONITA SPRINGS           ,FL,1,35.0,0.0,0.0,0.0,0.0,,,1
BOONE                    ,NC,1,28.0,0.0,0.0,0.0,0.0,,,1
BOONVILLE                ,MO,1,16.0,0.0,0.0,0.0,0.0,,,1
BOOTHWYN                 ,PA,1,27.0,0.0,0.0,0.0,0.0,,,1
BORREGO SPRINGS          ,CA,1,68.0,0.0,0.0,0.0,0.0,,,0
BOSTON                   ,MA,4,25.75,0.0,0.0,0.0,0.0,,,1
BOULDER CITY             ,NV,1,18.0,0.0,0.0,0.0,0.0,,,1
BOULDER CREEK            ,CA,1,43.0,0.0,0.0,0.0,0.0,,,0
BOWIE                    ,MD,2,21.0,0.0,0.0,0.0,0.0,,,1
BOWLING GREEN            ,KY,3,22.666666666666668,0.0,0.0,0.0,0.0,,,1
BOYNTON BEACH            ,FL,2,40.0,0.0,0.0,0.0,0.0,,,0
BRADENTON                ,FL,3,44.333333333333336,0.0,0.0,0.0,0.0,,,0
BRAINTREE                ,MA,3,15.333333333333334,0.0,0.0,0.0,0.0,,,1
BRANDON                  ,FL,1,32.0,0.0,0.0,0.0,0.0,,,1
BRATTLEBORO              ,VT,1,30.0,0.0,0.0,0.0,0.0,,,1
BRAWLEY                  ,CA,1,13.0,0.0,0.0,0.0,0.0,,,1
BREMERTON                ,WA,2,35.0,0.0,0.0,0.0,0.0,,,1
BRENTWOOD                ,CA,3,13.0,0.0,0.0,0.0,0.0,,,1
BRENTWOOD                ,MD,1,42.0,0.0,0.0,0.0,0.0,,,0
BRIDGEPORT               ,CT,4,27.5,0.0,0.0,0.0,0.0,,,1
BRIDGETON                ,MO,1,17.0,0.0,0.0,0.0,0.0,,,1
BRIDGETON                ,NJ,1,10.0,0.0,0.0,0.0,0.0,,,1
BRISTOW                  ,IN,1,41.0,0.0,0.0,0.0,0.0,,,0
BROCKTON                 ,MA,3,28.0,0.0,0.0,0.0,0.0,,,1
BROKEN ARROW             ,OK,1,29.0,0.0,0.0,0.0,0.0,,,1
BRONX                    ,NY,10,21.8,0.0,0.0,0.0,0.0,,,1
BROOKLYN                 ,MD,1,17.0,0.0,0.0,0.0,0.0,,,1
BROOKLYN                 ,NY,15,36.733333333333334,0.0,0.0,0.0,0.0,,,1
BROOKWOOD                ,AL,1,52.0,0.0,0.0,0.0,0.0,,,0
BROUSSARD                ,LA,1,17.0,0.0,0.0,0.0,0.0,,,1
BROWNING                 ,MT,1,7.0,0.0,0.0,0.0,0.0,,,1
BROWNSBURG               ,IN,2,23.0,0.0,0.0,0.0,0.0,,,1
BROWNSVILLE              ,TX,2,28.0,0.0,0.0,0.0,0.0,,,1
BRUNSWICK                ,GA,4,37.0,0.0,0.0,0.0,0.0,,,1
BRYAN                    ,TX,1,62.0,0.0,0.0,0.0,0.0,,,0
BRYANT                   ,AR,1,21.0,0.0,0.0,0.0,0.0,,,1
BUCKATUNNA               ,MS,1,18.0,0.0,0.0,0.0,0.0,,,1
BUCKEYE                  ,AZ,3,18.0,0.0,0.0,0.0,0.0,,,1
BUFFALO                  ,NY,3,32.333333333333336,0.0,0.0,0.0,0.0,,,1
BUFFALO GROVE            ,IL,1,35.0,0.0,0.0,0.0,0.0,,,1
BUFORD                   ,GA,1,16.0,0.0,0.0,0.0,0.0,,,1
BULLHEAD CITY            ,AZ,2,45.5,0.0,0.0,0.0,0.0,,,0
BURBANK                  ,CA,1,35.0,0.0,0.0,0.0,0.0,,,1
BURIEN                   ,WA,3,40.333333333333336,0.0,0.0,0.0,0.0,,,0
BURKE                    ,VA,1,19.0,0.0,0.0,0.0,0.0,,,1
BURLESON                 ,TX,1,36.0,0.0,0.0,0.0,0.0,,,0
BURLINGTON               ,NJ,1,65.0,0.0,0.0,0.0,0.0,,,0
BURLINGTON               ,VT,1,62.0,0.0,0.0,0.0,0.0,,,0
BUTLER                   ,AL,1,18.0,0.0,0.0,0.0,0.0,,,1
CABOT                    ,PA,1,48.0,0.0,0.0,0.0,0.0,,,0
CALDWELL                 ,ID,1,15.0,0.0,0.0,0.0,0.0,,,1
CALDWELL                 ,NJ,1,17.0,0.0,0.0,0.0,0.0,,,1
CALIFORNIA CITY          ,CA,2,7.5,0.0,0.0,0.0,0.0,,,1
CALUMET CITY             ,IL,1,16.0,0.0,0.0,0.0,0.0,,,1
CALVIN                   ,WV,1,22.0,0.0,0.0,0.0,0.0,,,1
CAMDEN                   ,MS,1,13.0,0.0,0.0,0.0,0.0,,,1
CAMDEN                   ,NJ,1,66.0,0.0,0.0,0.0,0.0,,,0
CAMP LEJEUNE             ,NC,2,67.0,0.0,0.0,0.0,0.0,,,0
CAMP PENDLETON           ,CA,1,26.0,0.0,0.0,0.0,0.0,,,1
CAMPBELLSPORT            ,WI,1,47.0,0.0,0.0,0.0,0.0,,,0
CANOGA PARK              ,CA,1,24.0,0.0,0.0,0.0,0.0,,,1
CANTON                   ,GA,1,17.0,0.0,0.0,0.0,0.0,,,1
CANTON                   ,MI,1,59.0,0.0,0.0,0.0,0.0,,,0
CANTON                   ,MS,5,15.2,0.0,0.0,0.0,0.0,,,1
CANTON                   ,TX,1,14.0,0.0,0.0,0.0,0.0,,,1
CANTONMENT               ,FL,1,37.0,0.0,0.0,0.0,0.0,,,0
CANYON                   ,TX,2,30.5,0.0,0.0,0.0,0.0,,,1
CAPE GIRARDEAU           ,MO,1,62.0,0.0,0.0,0.0,0.0,,,0
CARLETON                 ,MI,1,17.0,0.0,0.0,0.0,0.0,,,1
CAROLINA BEACH           ,NC,1,34.0,0.0,0.0,0.0,0.0,,,1
CARSON                   ,CA,1,50.0,0.0,0.0,0.0,0.0,,,0
CARSON CITY              ,NV,1,17.0,0.0,0.0,0.0,0.0,,,1
CARUTHERSVILLE           ,MO,1,16.0,0.0,0.0,0.0,0.0,,,1
CASPER                   ,WY,1,34.0,0.0,0.0,0.0,0.0,,,1
CASTAIC                  ,CA,1,30.0,0.0,0.0,0.0,0.0,,,1
CASTRO VALLEY            ,CA,1,17.0,0.0,0.0,0.0,0.0,,,1
CATAWBA                  ,SC,1,62.0,0.0,0.0,0.0,0.0,,,0
CATONSVILLE              ,MD,2,15.0,0.0,0.0,0.0,0.0,,,1
CEDAR CITY               ,UT,3,15.666666666666666,0.0,0.0,0.0,0.0,,,1
CEDAR RAPIDS             ,IA,1,38.0,0.0,0.0,0.0,0.0,,,0
CEDAR SPRINGS            ,MI,1,28.0,0.0,0.0,0.0,0.0,,,1
CEDAREDGE                ,CO,1,62.0,0.0,0.0,0.0,0.0,,,0
CEDARTOWN                ,GA,1,13.0,0.0,0.0,0.0,0.0,,,1
CEIBA                    ,PR,1,30.0,0.0,0.0,0.0,0.0,,,1
CENTER                   ,TX,1,43.0,0.0,0.0,0.0,0.0,,,0
CENTRAL ISLIP            ,NY,2,19.5,0.0,0.0,0.0,0.0,,,1
CENTRALIA                ,IL,4,25.25,0.0,0.0,0.0,0.0,,,1
CENTRALIA                ,WA,1,16.0,0.0,0.0,0.0,0.0,,,1
CENTREVILLE              ,MS,2,35.5,0.0,0.0,0.0,0.0,,,1
CHAIN OF PONDS TOWNSHIP  ,ME,1,53.0,0.0,0.0,0.0,0.0,,,0
CHALLIS                  ,ID,1,40.0,0.0,0.0,0.0,0.0,,,0
CHAMA                    ,NM,1,57.0,0.0,0.0,0.0,0.0,,,0
CHAMPAIGN                ,IL,5,16.0,0.0,0.0,0.0,0.0,,,1
CHANDLER                 ,AZ,2,15.5,0.0,0.0,0.0,0.0,,,1
CHANNELVIEW              ,TX,1,22.0,0.0,0.0,0.0,0.0,,,1
CHAPARRAL                ,NM,1,52.0,0.0,0.0,0.0,0.0,,,0
CHARDON                  ,OH,1,17.0,0.0,0.0,0.0,0.0,,,1
CHARLESTON               ,SC,3,36.0,0.0,0.0,0.0,0.0,,,1
CHARLESTON               ,WV,2,17.0,0.0,0.0,0.0,0.0,,,1
CHARLOTTE                ,NC,9,17.444444444444443,0.0,0.0,0.0,0.0,,,1
CHARLOTTESVILLE          ,VA,2,35.0,0.0,0.0,0.0,0.0,,,1
CHARMCO                  ,WV,1,17.0,0.0,0.0,0.0,0.0,,,1
CHATSWORTH               ,CA,1,37.0,0.0,0.0,0.0,0.0,,,0
CHATTANOOGA              ,TN,5,23.8,0.0,0.0,0.0,0.0,,,1
CHEHALIS                 ,WA,1,33.0,0.0,0.0,0.0,0.0,,,1
CHERRY HILL              ,NJ,1,15.0,0.0,0.0,0.0,0.0,,,1
CHESTER                  ,IL,2,36.5,0.0,0.0,0.0,0.0,,,0
CHESTER                  ,PA,3,15.333333333333334,0.0,0.0,0.0,0.0,,,1
CHESTER                  ,VA,1,17.0,0.0,0.0,0.0,0.0,,,1
CHICAGO                  ,IL,42,25.595238095238095,0.0,0.0,0.0,0.0,,,2
CHILOQUIN                ,OR,1,31.0,0.0,0.0,0.0,0.0,,,1
CHINO                    ,CA,1,44.0,0.0,0.0,0.0,0.0,,,0
CHINO HILLS              ,CA,1,16.0,0.0,0.0,0.0,0.0,,,1
CHISHOLM                 ,MN,1,27.0,0.0,0.0,0.0,0.0,,,1
CHOCOWINITY              ,NC,1,37.0,0.0,0.0,0.0,0.0,,,0
CHULA VISTA              ,CA,5,12.6,0.0,0.0,0.0,0.0,,,1
CHULUOTA                 ,FL,1,18.0,0.0,0.0,0.0,0.0,,,1
CHURCH POINT             ,LA,1,17.0,0.0,0.0,0.0,0.0,,,1
CINCINNATI               ,OH,12,16.333333333333332,0.0,0.0,0.0,0.0,,,1
CITRA                    ,FL,1,16.0,0.0,0.0,0.0,0.0,,,1
CITRONELLE               ,AL,2,18.0,0.0,0.0,0.0,0.0,,,1
CITRUS HEIGHTS           ,CA,2,15.5,0.0,0.0,0.0,0.0,,,1
CLAIRTON                 ,PA,1,57.0,0.0,0.0,0.0,0.0,,,0
CLANCY                   ,MT,1,46.0,0.0,0.0,0.0,0.0,,,0
CLARKSTON                ,GA,1,35.0,0.0,0.0,0.0,0.0,,,1
CLARKSVILLE              ,TN,1,17.0,0.0,0.0,0.0,0.0,,,1
CLAYTON                  ,NC,1,15.0,0.0,0.0,0.0,0.0,,,1
CLEARWATER               ,FL,4,20.5,0.0,0.0,0.0,0.0,,,1
CLEMSON                  ,SC,1,47.0,0.0,0.0,0.0,0.0,,,0
CLEVELAND                ,OH,28,16.964285714285715,0.0,0.0,0.0,0.0,,,2
CLEVELAND                ,TX,1,15.0,0.0,0.0,0.0,0.0,,,1
CLEWISTON                ,FL,1,2.0,0.0,0.0,0.0,0.0,,,1
CLIFTON HEIGHTS          ,PA,3,28.666666666666668,0.0,0.0,0.0,0.0,,,1
CLINTON                  ,IA,1,36.0,0.0,0.0,0.0,0.0,,,0
CLINTON                  ,LA,1,26.0,0.0,0.0,0.0,0.0,,,1
CLINTON                  ,MD,1,32.0,0.0,0.0,0.0,0.0,,,1
CLINTON                  ,MO,2,35.5,0.0,0.0,0.0,0.0,,,1
CLINTON                  ,TN,1,16.0,0.0,0.0,0.0,0.0,,,1
CLIO                     ,AL,1,16.0,0.0,0.0,0.0,0.0,,,1
CLIO                     ,MI,1,15.0,0.0,0.0,0.0,0.0,,,1
CLOVIS                   ,CA,1,14.0,0.0,0.0,0.0,0.0,,,1
CLOVIS                   ,NM,1,16.0,0.0,0.0,0.0,0.0,,,1
CLYDE                    ,TX,1,16.0,0.0,0.0,0.0,0.0,,,1
COCOA                    ,FL,1,15.0,0.0,0.0,0.0,0.0,,,1
COCOA BEACH              ,FL,2,60.5,0.0,0.0,0.0,0.0,,,0
COCONUT GROVE            ,FL,1,68.0,0.0,0.0,0.0,0.0,,,0
COFFEE SPRINGS           ,AL,2,16.0,0.0,0.0,0.0,0.0,,,1
COLLEGE PLACE            ,WA,1,16.0,0.0,0.0,0.0,0.0,,,1
COLLEGE STATION          ,TX,1,17.0,0.0,0.0,0.0,0.0,,,1
COLLINS                  ,MO,1,17.0,0.0,0.0,0.0,0.0,,,1
COLORADO SPRINGS         ,CO,6,25.333333333333332,0.0,0.0,0.0,0.0,,,1
COLUMBIA                 ,MO,4,27.25,0.0,0.0,0.0,0.0,,,1
COLUMBIA                 ,SC,8,22.875,0.0,0.0,0.0,0.0,,,1
COLUMBIA                 ,TN,2,27.0,0.0,0.0,0.0,0.0,,,1
COLUMBIA FALLS           ,MT,1,65.0,0.0,0.0,0.0,0.0,,,0
COLUMBUS                 ,GA,2,15.0,0.0,0.0,0.0,0.0,,,1
COLUMBUS                 ,IN,1,17.0,0.0,0.0,0.0,0.0,,,1
COLUMBUS                 ,MS,1,56.0,0.0,0.0,0.0,0.0,,,0
COLUMBUS                 ,OH,14,21.928571428571427,0.0,0.0,0.0,0.0,,,1
COMPTON                  ,CA,5,9.4,0.0,0.0,0.0,0.0,,,1
CONCORD                  ,CA,1,20.0,0.0,0.0,0.0,0.0,,,1
CONCORD                  ,NC,1,17.0,0.0,0.0,0.0,0.0,,,1
CONCORD                  ,NH,2,63.5,0.0,0.0,0.0,0.0,,,0
CONCORD                  ,WI,1,68.0,0.0,0.0,0.0,0.0,,,0
CONNERSVILLE             ,IN,1,57.0,0.0,0.0,0.0,0.0,,,0
CONOVER                  ,NC,1,14.0,0.0,0.0,0.0,0.0,,,1
CONROE                   ,TX,3,17.333333333333332,0.0,0.0,0.0,0.0,,,1
CONWAY                   ,SC,3,20.0,0.0,0.0,0.0,0.0,,,1
CONYERS                  ,GA,1,17.0,0.0,0.0,0.0,0.0,,,1
COOPERSBURG              ,PA,1,61.0,0.0,0.0,0.0,0.0,,,0
COPAN                    ,  ,1,4.0,0.0,0.0,0.0,0.0,,,1
COPPERAS COVE            ,TX,1,57.0,0.0,0.0,0.0,0.0,,,0
CORAL SPRINGS            ,FL,1,16.0,0.0,0.0,0.0,0.0,,,1
CORNELIUS                ,NC,1,13.0,0.0,0.0,0.0,0.0,,,1
CORNELIUS                ,OR,1,62.0,0.0,0.0,0.0,0.0,,,0
CORPUS CHRISTI           ,TX,3,21.666666666666668,0.0,0.0,0.0,0.0,,,1
CORSICANA                ,TX,1,38.0,0.0,0.0,0.0,0.0,,,0
CORVALLIS                ,OR,2,20.0,0.0,0.0,0.0,0.0,,,1
COUPEVILLE               ,WA,1,47.0,0.0,0.0,0.0,0.0,,,0
COVINA                   ,CA,3,12.666666666666666,0.0,0.0,0.0,0.0,,,1
COVINGTON                ,GA,1,17.0,0.0,0.0,0.0,0.0,,,1
COVINGTON                ,KY,2,15.0,0.0,0.0,0.0,0.0,,,1
COVINGTON                ,TN,1,17.0,0.0,0.0,0.0,0.0,,,1
CRAIG                    ,CO,1,60.0,0.0,0.0,0.0,0.0,,,0
CRATER LAKE              ,OR,1,26.0,0.0,0.0,0.0,0.0,,,1
CREOLE                   ,LA,1,47.0,0.0,0.0,0.0,0.0,,,0
CREST HILL               ,IL,1,18.0,0.0,0.0,0.0,0.0,,,1
CRESTVIEW                ,FL,2,29.0,0.0,0.0,0.0,0.0,,,1
CRESWELL                 ,OR,1,67.0,0.0,0.0,0.0,0.0,,,0
CROSS JUNCTION           ,VA,1,16.0,0.0,0.0,0.0,0.0,,,1
CRYSTAL CITY             ,MO,1,16.0,0.0,0.0,0.0,0.0,,,1
CUBERANT LAKE            ,UT,1,32.0,0.0,0.0,0.0,0.0,,,1
CULLMAN                  ,AL,1,18.0,0.0,0.0,0.0,0.0,,,1
CULPEPER                 ,VA,1,19.0,0.0,0.0,0.0,0.0,,,1
CULVER CITY              ,CA,3,13.0,0.0,0.0,0.0,0.0,,,1
CUMMING                  ,GA,1,17.0,0.0,0.0,0.0,0.0,,,1
CYPRESS                  ,TX,1,5.0,0.0,0.0,0.0,0.0,,,1
DACULA                   ,GA,1,17.0,0.0,0.0,0.0,0.0,,,1
DAINGERFIELD             ,TX,2,50.5,0.0,0.0,0.0,0.0,,,0
DALE CITY                ,VA,1,62.0,0.0,0.0,0.0,0.0,,,0
DALLAS                   ,GA,1,17.0,0.0,0.0,0.0,0.0,,,1
DALLAS                   ,TX,15,26.266666666666666,0.0,0.0,0.0,0.0,,,1
DALY CITY                ,CA,1,30.0,0.0,0.0,0.0,0.0,,,1
DARBY                    ,PA,1,18.0,0.0,0.0,0.0,0.0,,,1
DAVAO CITY               ,  ,1,12.0,0.0,0.0,0.0,0.0,,,1
DAVENPORT                ,IA,1,59.0,0.0,0.0,0.0,0.0,,,0
DAVIE                    ,FL,1,15.0,0.0,0.0,0.0,0.0,,,1
DAVIS                    ,CA,1,16.0,0.0,0.0,0.0,0.0,,,1
DAYTON                   ,NV,1,16.0,0.0,0.0,0.0,0.0,,,1
DAYTON                   ,OH,12,21.416666666666668,0.0,0.0,0.0,0.0,,,1
DAYTON                   ,TN,1,17.0,0.0,0.0,0.0,0.0,,,1
DEARBORN HEIGHTS         ,MI,1,16.0,0.0,0.0,0.0,0.0,,,1
DECATUR                  ,GA,2,16.5,0.0,0.0,0.0,0.0,,,1
DECATUR                  ,IL,1,44.0,0.0,0.0,0.0,0.0,,,0
DECATUR                  ,MS,1,19.0,0.0,0.0,0.0,0.0,,,1
DECATUR                  ,TN,1,18.0,0.0,0.0,0.0,0.0,,,1
DEER RIVER               ,MN,1,52.0,0.0,0.0,0.0,0.0,,,0
DEL HAVEN                ,NJ,1,44.0,0.0,0.0,0.0,0.0,,,0
DEL VALLE                ,TX,2,24.0,0.0,0.0,0.0,0.0,,,1
DELAND                   ,FL,1,63.0,0.0,0.0,0.0,0.0,,,0
DELTONA                  ,FL,1,16.0,0.0,0.0,0.0,0.0,,,1
DENVER                   ,CO,16,22.6875,0.0,0.0,0.0,0.0,,,1
DES MOINES               ,IA,4,46.75,0.0,0.0,0.0,0.0,,,0
DETROIT                  ,MI,9,21.0,0.0,0.0,0.0,0.0,,,1
DICKSON                  ,TN,1,55.0,0.0,0.0,0.0,0.0,,,0
DILLON                   ,SC,1,42.0,0.0,0.0,0.0,0.0,,,0
DIX HILLS                ,NY,1,16.0,0.0,0.0,0.0,0.0,,,1
DOBBS FERRY              ,NY,2,38.5,0.0,0.0,0.0,0.0,,,0
DONALSONVILLE            ,GA,1,39.0,0.0,0.0,0.0,0.0,,,0
DOVER                    ,PA,1,16.0,0.0,0.0,0.0,0.0,,,1
DOWNERS GROVE            ,IL,1,61.0,0.0,0.0,0.0,0.0,,,0
DOWNEY                   ,CA,1,33.0,0.0,0.0,0.0,0.0,,,1
DRIFTWOOD                ,TX,1,15.0,0.0,0.0,0.0,0.0,,,1
DUARTE                   ,CA,1,10.0,0.0,0.0,0.0,0.0,,,1
DUBLIN                   ,CA,1,50.0,0.0,0.0,0.0,0.0,,,0
DUBOIS                   ,PA,1,53.0,0.0,0.0,0.0,0.0,,,0
DUFFIELD                 ,VA,1,17.0,0.0,0.0,0.0,0.0,,,1
DULUTH                   ,GA,1,35.0,0.0,0.0,0.0,0.0,,,1
DUMFRIES                 ,VA,1,16.0,0.0,0.0,0.0,0.0,,,1
DURANT                   ,OK,1,47.0,0.0,0.0,0.0,0.0,,,0
DURHAM                   ,NC,3,15.666666666666666,0.0,0.0,0.0,0.0,,,1
DUSON                    ,LA,1,27.0,0.0,0.0,0.0,0.0,,,1
EAGLE BUTTE              ,SD,1,52.0,0.0,0.0,0.0,0.0,,,0
EAGLE RIVER              ,AK,1,25.0,0.0,0.0,0.0,0.0,,,1
EAST BERKSHIRE           ,VT,1,38.0,0.0,0.0,0.0,0.0,,,0
EAST BRUNSWICK           ,NJ,1,42.0,0.0,0.0,0.0,0.0,,,0
EAST HAVEN               ,CT,1,66.0,0.0,0.0,0.0,0.0,,,0
EAST LIVERPOOL           ,OH,1,63.0,0.0,0.0,0.0,0.0,,,0
EAST MEADOW              ,NY,1,72.0,0.0,0.0,0.0,0.0,,,0
EAST POINT               ,GA,1,41.0,0.0,0.0,0.0,0.0,,,0
EASTON                   ,PA,1,14.0,0.0,0.0,0.0,0.0,,,1
EATONTOWN                ,NJ,1,67.0,0.0,0.0,0.0,0.0,,,0
EDISON                   ,NJ,1,15.0,0.0,0.0,0.0,0.0,,,1
EDMOND                   ,OK,1,16.0,0.0,0.0,0.0,0.0,,,1
EDMONDS                  ,WA,2,20.5,0.0,0.0,0.0,0.0,,,1
EL CAJON                 ,CA,2,23.0,0.0,0.0,0.0,0.0,,,1
EL CIRUELO               ,  ,1,30.0,0.0,0.0,0.0,0.0,,,1
EL DORADO                ,AR,1,53.0,0.0,0.0,0.0,0.0,,,0
EL MONTE                 ,CA,4,26.0,0.0,0.0,0.0,0.0,,,1
EL PASO                  ,TX,9,31.333333333333332,0.0,0.0,0.0,0.0,,,1
ELDON                    ,MO,1,56.0,0.0,0.0,0.0,0.0,,,0
ELGIN                    ,TX,1,16.0,0.0,0.0,0.0,0.0,,,1
ELK GROVE                ,CA,1,14.0,0.0,0.0,0.0,0.0,,,1
ELKHART                  ,IN,1,17.0,0.0,0.0,0.0,0.0,,,1
ELLENVILLE               ,NY,1,55.0,0.0,0.0,0.0,0.0,,,0
ELLINGTON                ,CT,1,71.0,0.0,0.0,0.0,0.0,,,0
ELOY                     ,AZ,1,26.0,0.0,0.0,0.0,0.0,,,1
ELY                      ,NV,1,35.0,0.0,0.0,0.0,0.0,,,1
ELYRIA                   ,OH,2,52.5,0.0,0.0,0.0,0.0,,,0
EMBUDO                   ,NM,1,58.0,0.0,0.0,0.0,0.0,,,0
EMERALD ISLE             ,NC,1,2.0,0.0,0.0,0.0,0.0,,,1
ENCINITAS                ,CA,1,3.0,0.0,0.0,0.0,0.0,,,1
ENID                     ,OK,2,16.5,0.0,0.0,0.0,0.0,,,1
ENOREE                   ,SC,1,17.0,0.0,0.0,0.0,0.0,,,1
ERATH                    ,LA,1,17.0,0.0,0.0,0.0,0.0,,,1
ERIE                     ,PA,9,23.666666666666668,0.0,0.0,0.0,0.0,,,1
ESPARTO                  ,CA,1,25.0,0.0,0.0,0.0,0.0,,,1
EUGENE                   ,OR,1,32.0,0.0,0.0,0.0,0.0,,,1
EUNICE                   ,LA,1,17.0,0.0,0.0,0.0,0.0,,,1
EUNOLA                   ,AL,1,33.0,0.0,0.0,0.0,0.0,,,1
EUREKA                   ,CA,1,44.0,0.0,0.0,0.0,0.0,,,0
EUSTIS                   ,FL,1,17.0,0.0,0.0,0.0,0.0,,,1
EVERETT                  ,WA,1,33.0,0.0,0.0,0.0,0.0,,,1
EVERGREEN PARK           ,IL,1,14.0,0.0,0.0,0.0,0.0,,,1
EVERMAN                  ,TX,1,8.0,0.0,0.0,0.0,0.0,,,1
EWA BEACH                ,HI,1,14.0,0.0,0.0,0.0,0.0,,,1
EXETER                   ,NH,1,49.0,0.0,0.0,0.0,0.0,,,0
FAIR OAKS                ,CA,1,17.0,0.0,0.0,0.0,0.0,,,1
FAIRBANKS                ,AK,1,17.0,0.0,0.0,0.0,0.0,,,1
FAIRBURN                 ,GA,1,21.0,0.0,0.0,0.0,0.0,,,1
FAIRFAX                  ,OH,2,70.0,0.0,0.0,0.0,0.0,,,0
FAIRFAX                  ,VA,2,24.5,0.0,0.0,0.0,0.0,,,1
FAIRFIELD                ,AL,1,25.0,0.0,0.0,0.0,0.0,,,1
FAIRFIELD                ,CA,5,26.2,0.0,0.0,0.0,0.0,,,1
FAIRFIELD                ,CT,1,16.0,0.0,0.0,0.0,0.0,,,1
FAIRHOPE                 ,AL,1,19.0,0.0,0.0,0.0,0.0,,,1
FAIRMONT                 ,NC,1,28.0,0.0,0.0,0.0,0.0,,,1
FAIRVIEW PARK            ,OH,1,64.0,0.0,0.0,0.0,0.0,,,0
FALFURRIAS               ,TX,1,24.0,0.0,0.0,0.0,0.0,,,1
FALL RIVER               ,MA,1,15.0,0.0,0.0,0.0,0.0,,,1
FARMVILLE                ,VA,1,43.0,0.0,0.0,0.0,0.0,,,0
FAULKNER                 ,MD,1,16.0,0.0,0.0,0.0,0.0,,,1
FAYETTEVILLE             ,GA,1,17.0,0.0,0.0,0.0,0.0,,,1
FAYETTEVILLE             ,NC,8,32.625,0.0,0.0,0.0,0.0,,,1
FEDERAL WAY              ,WA,3,37.0,0.0,0.0,0.0,0.0,,,0
FELTON                   ,DE,1,60.0,0.0,0.0,0.0,0.0,,,0
FERGUSON                 ,MO,1,29.0,0.0,0.0,0.0,0.0,,,1
FERN CREEK               ,KY,1,34.0,0.0,0.0,0.0,0.0,,,1
FINDLAY                  ,OH,2,17.0,0.0,0.0,0.0,0.0,,,1
FITCHBURG                ,MA,3,23.333333333333332,0.0,0.0,0.0,0.0,,,1
FLINT                    ,MI,2,57.0,0.0,0.0,0.0,0.0,,,0
FLORALA                  ,AL,1,16.0,0.0,0.0,0.0,0.0,,,1
FLORENCE                 ,AZ,1,17.0,0.0,0.0,0.0,0.0,,,1
FLORENCE                 ,SC,2,16.5,0.0,0.0,0.0,0.0,,,1
FLORISSANT               ,MO,1,16.0,0.0,0.0,0.0,0.0,,,1
FLUSHING                 ,NY,2,16.5,0.0,0.0,0.0,0.0,,,1
FOLEY                    ,AL,1,17.0,0.0,0.0,0.0,0.0,,,1
FOLEY                    ,MO,1,33.0,0.0,0.0,0.0,0.0,,,1
FONTANA                  ,CA,5,31.4,0.0,0.0,0.0,0.0,,,1
FOREST PARK              ,GA,1,18.0,0.0,0.0,0.0,0.0,,,1
FORKS                    ,WA,1,58.0,0.0,0.0,0.0,0.0,,,0
FORNEY                   ,TX,1,16.0,0.0,0.0,0.0,0.0,,,1
FORT CAMPBELL            ,KY,1,70.0,0.0,0.0,0.0,0.0,,,0
FORT COLLINS             ,CO,1,16.0,0.0,0.0,0.0,0.0,,,1
FORT LAUDERDALE          ,FL,13,28.76923076923077,0.0,0.0,0.0,0.0,,,1
FORT MCCOY               ,FL,1,42.0,0.0,0.0,0.0,0.0,,,0
FORT MYERS               ,FL,7,25.285714285714285,0.0,0.0,0.0,0.0,,,1
FORT PIERCE              ,FL,1,19.0,0.0,0.0,0.0,0.0,,,1
FORT SMITH               ,AR,1,63.0,0.0,0.0,0.0,0.0,,,0
FORT WALTON BEACH        ,FL,1,48.0,0.0,0.0,0.0,0.0,,,0
FORT WORTH               ,TX,11,28.90909090909091,0.0,0.0,0.0,0.0,,,1
FRAMINGHAM               ,MA,3,21.0,0.0,0.0,0.0,0.0,,,1
FRANKFORT                ,IL,1,65.0,0.0,0.0,0.0,0.0,,,0
FREDERICA                ,DE,1,17.0,0.0,0.0,0.0,0.0,,,1
FREDERICK                ,MD,2,49.5,0.0,0.0,0.0,0.0,,,0
FREDERICKSBURG           ,VA,1,20.0,0.0,0.0,0.0,0.0,,,1
FREDERICKTOWN            ,MO,1,49.0,0.0,0.0,0.0,0.0,,,0
FREDERICKTOWN            ,OH,1,16.0,0.0,0.0,0.0,0.0,,,1
FREEPORT                 ,TX,1,67.0,0.0,0.0,0.0,0.0,,,0
FREMONT                  ,CA,1,56.0,0.0,0.0,0.0,0.0,,,0
FREMONT                  ,NE,1,17.0,0.0,0.0,0.0,0.0,,,1
FRENCH CAMP              ,CA,1,18.0,0.0,0.0,0.0,0.0,,,1
FRESNO                   ,CA,12,17.75,0.0,0.0,0.0,0.0,,,1
FRONT ROYAL              ,VA,1,18.0,0.0,0.0,0.0,0.0,,,1
FRUITLAND                ,ID,1,8.0,0.0,0.0,0.0,0.0,,,1
FULLERTON                ,CA,6,25.166666666666668,0.0,0.0,0.0,0.0,,,1
FULSHEAR                 ,TX,1,11.0,0.0,0.0,0.0,0.0,,,1
FULTON                   ,MS,3,36.333333333333336,0.0,0.0,0.0,0.0,,,1
GADSDEN                  ,AL,1,16.0,0.0,0.0,0.0,0.0,,,1
GAINESVILLE              ,FL,2,51.5,0.0,0.0,0.0,0.0,,,0
GAITHERSBURG             ,MD,2,13.0,0.0,0.0,0.0,0.0,,,1
GALESBURG                ,IL,1,18.0,0.0,0.0,0.0,0.0,,,1
GALLIPOLIS FERRY         ,WV,1,15.0,0.0,0.0,0.0,0.0,,,1
GALLUP                   ,NM,1,48.0,0.0,0.0,0.0,0.0,,,0
GALVESTON                ,TX,1,19.0,0.0,0.0,0.0,0.0,,,1
GARDEN CITY              ,KS,1,45.0,0.0,0.0,0.0,0.0,,,0
GARDEN GROVE             ,CA,1,17.0,0.0,0.0,0.0,0.0,,,1
GARDENA                  ,CA,1,60.0,0.0,0.0,0.0,0.0,,,0
GARNETT                  ,SC,1,23.0,0.0,0.0,0.0,0.0,,,1
GARY                     ,IN,6,12.0,0.0,0.0,0.0,0.0,,,1
GATLINBURG               ,TN,1,18.0,0.0,0.0,0.0,0.0,,,1
GAUTIER                  ,MS,1,51.0,0.0,0.0,0.0,0.0,,,0
GEORGETOWN               ,SC,1,17.0,0.0,0.0,0.0,0.0,,,1
GERMANTOWN               ,KY,1,44.0,0.0,0.0,0.0,0.0,,,0
GHENT                    ,  ,1,41.0,0.0,0.0,0.0,0.0,,,0
GIBSONTON                ,FL,2,20.0,0.0,0.0,0.0,0.0,,,1
GILBERT                  ,AZ,1,17.0,0.0,0.0,0.0,0.0,,,1
GILLETTE                 ,WY,2,44.0,0.0,0.0,0.0,0.0,,,0
GILMER                   ,TX,2,58.0,0.0,0.0,0.0,0.0,,,0
GLASSELL                 ,CA,1,29.0,0.0,0.0,0.0,0.0,,,1
GLEN BURNIE              ,MD,1,18.0,0.0,0.0,0.0,0.0,,,1
GLENDALE                 ,AZ,6,16.833333333333332,0.0,0.0,0.0,0.0,,,1
GLENDALE                 ,OR,1,36.0,0.0,0.0,0.0,0.0,,,0
GLENDORA                 ,CA,1,43.0,0.0,0.0,0.0,0.0,,,0
GLENS FALLS              ,NY,1,66.0,0.0,0.0,0.0,0.0,,,0
GLOUCESTER               ,NJ,1,36.0,0.0,0.0,0.0,0.0,,,0
GODWIN                   ,NC,1,32.0,0.0,0.0,0.0,0.0,,,1
GOLDEN                   ,CO,1,13.0,0.0,0.0,0.0,0.0,,,1
GOLDSBORO                ,NC,1,16.0,0.0,0.0,0.0,0.0,,,1
GOLETA                   ,CA,2,39.5,0.0,0.0,0.0,0.0,,,0
GOLETA BEACH             ,CA,1,20.0,0.0,0.0,0.0,0.0,,,1
GOLIAD                   ,TX,2,68.5,0.0,0.0,0.0,0.0,,,0
GOODLETTSVILLE           ,TN,1,32.0,0.0,0.0,0.0,0.0,,,1
GOOSE CREEK              ,SC,1,42.0,0.0,0.0,0.0,0.0,,,0
GOSHEN                   ,IN,1,18.0,0.0,0.0,0.0,0.0,,,1
GRAFTON                  ,MA,1,16.0,0.0,0.0,0.0,0.0,,,1
GRAHAMSVILLE             ,NY,1,71.0,0.0,0.0,0.0,0.0,,,0
GRAND CANYON             ,AZ,2,43.0,0.0,0.0,0.0,0.0,,,0
GRAND JUNCTION           ,CO,2,23.0,0.0,0.0,0.0,0.0,,,1
GRAND PRAIRIE            ,TX,2,54.0,0.0,0.0,0.0,0.0,,,0
GRAND RAPIDS             ,MI,2,18.0,0.0,0.0,0.0,0.0,,,1
GRANGEVILLE              ,ID,1,45.0,0.0,0.0,0.0,0.0,,,0
GRANTS PASS              ,OR,1,63.0,0.0,0.0,0.0,0.0,,,0
GREAT FALLS              ,MT,2,27.5,0.0,0.0,0.0,0.0,,,1
GREAT SMOKY MOUNTAINS    ,NC,1,64.0,0.0,0.0,0.0,0.0,,,0
GREAT SMOKY MOUNTAINS    ,TN,1,62.0,0.0,0.0,0.0,0.0,,,0
GREENACRES               ,FL,1,48.0,0.0,0.0,0.0,0.0,,,0
GREENEVILLE              ,TN,3,16.0,0.0,0.0,0.0,0.0,,,1
GREENSBORO               ,GA,1,19.0,0.0,0.0,0.0,0.0,,,1
GREENSBORO               ,NC,7,30.428571428571427,0.0,0.0,0.0,0.0,,,1
GREENSBURG               ,PA,1,63.0,0.0,0.0,0.0,0.0,,,0
GREENVILLE               ,AL,1,53.0,0.0,0.0,0.0,0.0,,,0
GREENVILLE               ,SC,1,16.0,0.0,0.0,0.0,0.0,,,1
GREENVILLE               ,TX,1,38.0,0.0,0.0,0.0,0.0,,,0
GREENWICH                ,NY,1,29.0,0.0,0.0,0.0,0.0,,,1
GREENWOOD                ,IN,1,6.0,0.0,0.0,0.0,0.0,,,1
GREENWOOD                ,MS,1,20.0,0.0,0.0,0.0,0.0,,,1
GRETNA                   ,NE,1,12.0,0.0,0.0,0.0,0.0,,,1
GRIFFITH                 ,IN,1,16.0,0.0,0.0,0.0,0.0,,,1
GROVE CITY               ,OH,3,15.666666666666666,0.0,0.0,0.0,0.0,,,1
GROVE CITY               ,PA,1,69.0,0.0,0.0,0.0,0.0,,,0
GROVEPORT                ,OH,1,15.0,0.0,0.0,0.0,0.0,,,1
GUAYANILLA               ,PR,2,34.0,0.0,0.0,0.0,0.0,,,1
GUAYNABO                 ,PR,1,40.0,0.0,0.0,0.0,0.0,,,0
GULFPORT                 ,MS,1,17.0,0.0,0.0,0.0,0.0,,,1
GUYTON                   ,GA,4,8.75,0.0,0.0,0.0,0.0,,,1
GWINNETT                 ,GA,1,33.0,0.0,0.0,0.0,0.0,,,1
HACKETTSTOWN             ,NJ,1,17.0,0.0,0.0,0.0,0.0,,,1
HALEIWA                  ,HI,1,17.0,0.0,0.0,0.0,0.0,,,1
HALF MOON BAY            ,CA,1,57.0,0.0,0.0,0.0,0.0,,,0
HALIFAX                  ,PA,1,52.0,0.0,0.0,0.0,0.0,,,0
HALLANDALE BEACH         ,FL,2,17.0,0.0,0.0,0.0,0.0,,,1
HALLSVILLE               ,TX,1,48.0,0.0,0.0,0.0,0.0,,,0
HAMILTON TOWNSHIP        ,NJ,1,61.0,0.0,0.0,0.0,0.0,,,0
HAMILTON TOWNSHIP        ,PA,1,91.0,0.0,0.0,0.0,0.0,,,0
HAMMOND                  ,IN,2,39.5,0.0,0.0,0.0,0.0,,,0
HAMPTON                  ,GA,1,16.0,0.0,0.0,0.0,0.0,,,1
HAMPTON                  ,VA,2,12.5,0.0,0.0,0.0,0.0,,,1
HANFORD                  ,CA,2,17.5,0.0,0.0,0.0,0.0,,,1
HANSON                   ,MA,1,17.0,0.0,0.0,0.0,0.0,,,1
HARLINGEN                ,TX,2,23.0,0.0,0.0,0.0,0.0,,,1
HARTFORD                 ,CT,5,38.0,0.0,0.0,0.0,0.0,,,1
HARVEY                   ,IL,1,26.0,0.0,0.0,0.0,0.0,,,1
HAUPPAUGE                ,NY,1,60.0,0.0,0.0,0.0,0.0,,,0
HAYWARD                  ,CA,2,31.5,0.0,0.0,0.0,0.0,,,1
HAZARD                   ,KY,2,20.5,0.0,0.0,0.0,0.0,,,1
HAZEL PARK               ,MI,1,46.0,0.0,0.0,0.0,0.0,,,0
HAZLETON                 ,PA,1,15.0,0.0,0.0,0.0,0.0,,,1
HEATH                    ,OH,2,17.5,0.0,0.0,0.0,0.0,,,1
HEFLIN                   ,AL,1,28.0,0.0,0.0,0.0,0.0,,,1
HEMET                    ,CA,2,17.5,0.0,0.0,0.0,0.0,,,1
HEMPSTEAD                ,NY,1,16.0,0.0,0.0,0.0,0.0,,,1
HENDERSON                ,NV,1,16.0,0.0,0.0,0.0,0.0,,,1
HENDERSON                ,TX,1,39.0,0.0,0.0,0.0,0.0,,,0
HENDERSONVILLE           ,TN,1,16.0,0.0,0.0,0.0,0.0,,,1
HENRICO                  ,VA,1,32.0,0.0,0.0,0.0,0.0,,,1
HEPHZIBAH                ,GA,1,13.0,0.0,0.0,0.0,0.0,,,1
HERMITAGE                ,TN,1,17.0,0.0,0.0,0.0,0.0,,,1
HERNANDO                 ,MS,1,64.0,0.0,0.0,0.0,0.0,,,0
HESPERIA                 ,CA,2,16.0,0.0,0.0,0.0,0.0,,,1
HIALEAH                  ,FL,2,31.5,0.0,0.0,0.0,0.0,,,1
HIALEAH GARDENS          ,FL,1,17.0,0.0,0.0,0.0,0.0,,,1
HIDDENITE                ,NC,1,53.0,0.0,0.0,0.0,0.0,,,0
HIGH RIDGE               ,MO,1,58.0,0.0,0.0,0.0,0.0,,,0
HILLIARD                 ,OH,1,41.0,0.0,0.0,0.0,0.0,,,0
HILLSBORO                ,OR,1,14.0,0.0,0.0,0.0,0.0,,,1
HILO                     ,HI,2,13.5,0.0,0.0,0.0,0.0,,,1
HILTON HEAD              ,SC,1,54.0,0.0,0.0,0.0,0.0,,,0
HIRAM                    ,GA,2,15.0,0.0,0.0,0.0,0.0,,,1
HOBBS                    ,NM,3,16.0,0.0,0.0,0.0,0.0,,,1
HOLIDAY                  ,FL,1,59.0,0.0,0.0,0.0,0.0,,,0
HOLLANDALE               ,MS,1,17.0,0.0,0.0,0.0,0.0,,,1
HOLLISTER                ,MO,1,35.0,0.0,0.0,0.0,0.0,,,1
HOLLYWOOD                ,CA,1,33.0,0.0,0.0,0.0,0.0,,,1
HOLLYWOOD                ,FL,3,19.333333333333332,0.0,0.0,0.0,0.0,,,1
HOLTVILLE                ,CA,1,51.0,0.0,0.0,0.0,0.0,,,0
HOLYOKE                  ,MA,1,17.0,0.0,0.0,0.0,0.0,,,1
HOMEDALE                 ,ID,1,16.0,0.0,0.0,0.0,0.0,,,1
HOMESTEAD                ,FL,2,34.5,0.0,0.0,0.0,0.0,,,1
HOMEWOOD                 ,IL,1,66.0,0.0,0.0,0.0,0.0,,,0
HONEYDEW                 ,CA,2,49.5,0.0,0.0,0.0,0.0,,,0
HONOLULU                 ,HI,8,24.875,0.0,0.0,0.0,0.0,,,1
HOPEWELL                 ,VA,1,17.0,0.0,0.0,0.0,0.0,,,1
HOT SPRINGS              ,AR,1,55.0,0.0,0.0,0.0,0.0,,,0
HOUSTON                  ,TX,32,21.96875,0.0,0.0,0.0,0.0,,,2
HUEYTOWN                 ,AL,1,54.0,0.0,0.0,0.0,0.0,,,0
HUMACAO                  ,PR,2,17.5,0.0,0.0,0.0,0.0,,,1
HUNTINGTON PARK          ,CA,1,33.0,0.0,0.0,0.0,0.0,,,1
HUNTSVILLE               ,AL,1,16.0,0.0,0.0,0.0,0.0,,,1
HURRICANE                ,WV,1,17.0,0.0,0.0,0.0,0.0,,,1
HYATTSVILLE              ,MD,1,15.0,0.0,0.0,0.0,0.0,,,1
I AKGAK                  ,MP,2,23.5,0.0,0.0,0.0,0.0,,,1
IDAHO SPRINGS            ,CO,1,55.0,0.0,0.0,0.0,0.0,,,0
IMMOKALEE                ,FL,1,22.0,0.0,0.0,0.0,0.0,,,1
INDEPENDENCE             ,KY,1,62.0,0.0,0.0,0.0,0.0,,,0
INDEPENDENCE             ,MO,4,39.0,0.0,0.0,0.0,0.0,,,0
INDIAN ORCHARD           ,MA,1,14.0,0.0,0.0,0.0,0.0,,,1
INDIANAPOLIS             ,IN,14,19.214285714285715,0.0,0.0,0.0,0.0,,,1
INGLEWOOD                ,CA,2,28.0,0.0,0.0,0.0,0.0,,,1
INKSTER                  ,MI,2,46.0,0.0,0.0,0.0,0.0,,,0
INVER GROVE HEIGHTS      ,MN,1,38.0,0.0,0.0,0.0,0.0,,,0
IRVINE                   ,CA,1,18.0,0.0,0.0,0.0,0.0,,,1
IRVING                   ,TX,2,12.5,0.0,0.0,0.0,0.0,,,1
IRVINGTON                ,NJ,1,25.0,0.0,0.0,0.0,0.0,,,1
ISLAMABAD                ,  ,2,11.0,0.0,0.0,0.0,0.0,,,1
ISSAQUAH                 ,WA,1,65.0,0.0,0.0,0.0,0.0,,,0
JACKSON                  ,GA,1,17.0,0.0,0.0,0.0,0.0,,,1
JACKSON                  ,MI,3,39.666666666666664,0.0,0.0,0.0,0.0,,,0
JACKSON                  ,MS,2,31.5,0.0,0.0,0.0,0.0,,,1
JACKSON                  ,TN,3,23.0,0.0,0.0,0.0,0.0,,,1
JACKSONVILLE             ,FL,16,29.9375,0.0,0.0,0.0,0.0,,,1
JACKSONVILLE             ,NC,1,17.0,0.0,0.0,0.0,0.0,,,1
JACKSONVILLE BEACH       ,FL,1,59.0,0.0,0.0,0.0,0.0,,,0
JAY                      ,ME,1,56.0,0.0,0.0,0.0,0.0,,,0
JEFFERSON                ,LA,1,46.0,0.0,0.0,0.0,0.0,,,0
JEFFERSON CITY           ,TN,1,54.0,0.0,0.0,0.0,0.0,,,0
JERICHO                  ,VT,1,52.0,0.0,0.0,0.0,0.0,,,0
JOBOS                    ,PR,1,17.0,0.0,0.0,0.0,0.0,,,1
JOLIET                   ,IL,3,27.0,0.0,0.0,0.0,0.0,,,1
JONESBORO                ,AR,1,17.0,0.0,0.0,0.0,0.0,,,1
JONESBORO                ,GA,3,17.0,0.0,0.0,0.0,0.0,,,1
JONESBOROUGH             ,TN,1,16.0,0.0,0.0,0.0,0.0,,,1
JONESTOWN                ,PA,1,37.0,0.0,0.0,0.0,0.0,,,0
JONESVILLE               ,LA,1,43.0,0.0,0.0,0.0,0.0,,,0
JOPLIN                   ,MO,1,15.0,0.0,0.0,0.0,0.0,,,1
JOSEPH CITY              ,AZ,1,18.0,0.0,0.0,0.0,0.0,,,1
JUANA DIAZ               ,PR,1,41.0,0.0,0.0,0.0,0.0,,,0
JUNCTION CITY            ,KS,1,59.0,0.0,0.0,0.0,0.0,,,0
JUNO BEACH               ,FL,1,27.0,0.0,0.0,0.0,0.0,,,1
JUPITER INLET            ,FL,1,24.0,0.0,0.0,0.0,0.0,,,1
KAILUA                   ,HI,1,40.0,0.0,0.0,0.0,0.0,,,0
KAILUA-KONA              ,HI,1,8.0,0.0,0.0,0.0,0.0,,,1
KANKAKEE                 ,IL,1,39.0,0.0,0.0,0.0,0.0,,,0
KANNAPOLIS               ,NC,1,17.0,0.0,0.0,0.0,0.0,,,1
KANSAS                   ,OK,2,15.5,0.0,0.0,0.0,0.0,,,1
KANSAS CITY              ,KS,3,18.0,0.0,0.0,0.0,0.0,,,1
KANSAS CITY              ,MO,12,26.916666666666668,0.0,0.0,0.0,0.0,,,1
KAPOLEI                  ,HI,1,13.0,0.0,0.0,0.0,0.0,,,1
KATONAH                  ,NY,2,52.5,0.0,0.0,0.0,0.0,,,0
KATY                     ,TX,1,17.0,0.0,0.0,0.0,0.0,,,1
KENBRIDGE                ,VA,1,42.0,0.0,0.0,0.0,0.0,,,0
KENNEBUNK                ,ME,1,71.0,0.0,0.0,0.0,0.0,,,0
KENNER                   ,LA,2,17.0,0.0,0.0,0.0,0.0,,,1
KENNEWICK                ,WA,1,27.0,0.0,0.0,0.0,0.0,,,1
KENOSHA                  ,WI,1,16.0,0.0,0.0,0.0,0.0,,,1
KENT                     ,WA,1,21.0,0.0,0.0,0.0,0.0,,,1
KEY BISCAYNE             ,FL,1,5.0,0.0,0.0,0.0,0.0,,,1
KEY LARGO                ,FL,1,13.0,0.0,0.0,0.0,0.0,,,1
KIEFER                   ,OK,1,16.0,0.0,0.0,0.0,0.0,,,1
KILLEEN                  ,TX,3,44.0,0.0,0.0,0.0,0.0,,,0
KINGMAN                  ,AZ,1,15.0,0.0,0.0,0.0,0.0,,,1
KINGSPORT                ,TN,1,17.0,0.0,0.0,0.0,0.0,,,1
KINGSTON                 ,  ,2,5.0,0.0,0.0,0.0,0.0,,,1
KINGSTON                 ,NY,2,38.0,0.0,0.0,0.0,0.0,,,0
KINGSTREE                ,SC,1,15.0,0.0,0.0,0.0,0.0,,,1
KIRBY                    ,WV,1,35.0,0.0,0.0,0.0,0.0,,,1
KITTITAS                 ,WA,1,31.0,0.0,0.0,0.0,0.0,,,1
KLAMATH FALLS            ,OR,4,40.25,0.0,0.0,0.0,0.0,,,0
KNOXVILLE                ,TN,4,16.25,0.0,0.0,0.0,0.0,,,1
KODIAK                   ,AK,1,43.0,0.0,0.0,0.0,0.0,,,0
KOSSE                    ,TX,1,44.0,0.0,0.0,0.0,0.0,,,0
KYKOTSMOVI VILLAGE       ,AZ,1,36.0,0.0,0.0,0.0,0.0,,,0
KYLE                     ,TX,1,20.0,0.0,0.0,0.0,0.0,,,1
LA CROSSE                ,WI,3,21.333333333333332,0.0,0.0,0.0,0.0,,,1
LA GRANGE                ,NC,1,40.0,0.0,0.0,0.0,0.0,,,0
LA MARQUE                ,TX,1,42.0,0.0,0.0,0.0,0.0,,,0
LA MESA                  ,CA,1,48.0,0.0,0.0,0.0,0.0,,,0
LA MIRADA                ,CA,1,16.0,0.0,0.0,0.0,0.0,,,1
LA PUENTE                ,CA,1,15.0,0.0,0.0,0.0,0.0,,,1
LA VERNE                 ,CA,2,21.0,0.0,0.0,0.0,0.0,,,1
LA VISTA                 ,NE,1,15.0,0.0,0.0,0.0,0.0,,,1
LACKAWANNA               ,NY,2,41.0,0.0,0.0,0.0,0.0,,,0
LAFAYETTE                ,CA,1,16.0,0.0,0.0,0.0,0.0,,,1
LAFAYETTE                ,IN,1,17.0,0.0,0.0,0.0,0.0,,,1
LAGRANGE                 ,GA,1,17.0,0.0,0.0,0.0,0.0,,,1
LAGUNA                   ,NM,3,15.333333333333334,0.0,0.0,0.0,0.0,,,1
LAKE BLUFF               ,IL,1,16.0,0.0,0.0,0.0,0.0,,,1
LAKE CHARLES             ,LA,3,9.333333333333334,0.0,0.0,0.0,0.0,,,1
LAKE CITY                ,SC,1,17.0,0.0,0.0,0.0,0.0,,,1
LAKE ELMO                ,MN,1,57.0,0.0,0.0,0.0,0.0,,,0
LAKE HAVASU CITY         ,AZ,1,26.0,0.0,0.0,0.0,0.0,,,1
LAKE LOS ANGELES         ,CA,1,18.0,0.0,0.0,0.0,0.0,,,1
LAKE VILLA               ,IL,1,16.0,0.0,0.0,0.0,0.0,,,1
LAKELAND                 ,FL,1,57.0,0.0,0.0,0.0,0.0,,,0
LAKEVILLE                ,CT,1,82.0,0.0,0.0,0.0,0.0,,,0
LAKEWOOD                 ,CA,1,14.0,0.0,0.0,0.0,0.0,,,1
LAKEWOOD                 ,CO,1,15.0,0.0,0.0,0.0,0.0,,,1
LAKEWOOD                 ,NJ,1,19.0,0.0,0.0,0.0,0.0,,,1
LAKEWOOD                 ,WA,1,40.0,0.0,0.0,0.0,0.0,,,0
LANCASTER                ,CA,10,16.5,0.0,0.0,0.0,0.0,,,1
LANCASTER                ,OH,1,17.0,0.0,0.0,0.0,0.0,,,1
LANCASTER                ,SC,1,48.0,0.0,0.0,0.0,0.0,,,0
LAREDO                   ,TX,4,27.75,0.0,0.0,0.0,0.0,,,1
LARGO                    ,FL,1,16.0,0.0,0.0,0.0,0.0,,,1
LAS CRUCES               ,NM,2,49.0,0.0,0.0,0.0,0.0,,,0
LAS VEGAS                ,NM,1,32.0,0.0,0.0,0.0,0.0,,,1
LAS VEGAS                ,NV,26,20.653846153846153,0.0,0.0,0.0,0.0,,,2
LATTA                    ,SC,1,16.0,0.0,0.0,0.0,0.0,,,1
LAUDERHILL               ,FL,1,48.0,0.0,0.0,0.0,0.0,,,0
LAUGHLIN                 ,NV,1,16.0,0.0,0.0,0.0,0.0,,,1
LAURINBURG               ,NC,1,37.0,0.0,0.0,0.0,0.0,,,0
LAVEEN                   ,AZ,7,12.142857142857142,0.0,0.0,0.0,0.0,,,1
LAWNDALE                 ,CA,2,18.0,0.0,0.0,0.0,0.0,,,1
LAWRENCE                 ,MA,2,63.5,0.0,0.0,0.0,0.0,,,0
LAWRENCEVILLE            ,GA,1,17.0,0.0,0.0,0.0,0.0,,,1
LAWTON                   ,OK,2,16.5,0.0,0.0,0.0,0.0,,,1
LEADORE                  ,ID,1,12.0,0.0,0.0,0.0,0.0,,,1
LEAVITTSBURG             ,OH,1,15.0,0.0,0.0,0.0,0.0,,,1
LEBANON                  ,IN,1,55.0,0.0,0.0,0.0,0.0,,,0
LEBANON                  ,TN,1,17.0,0.0,0.0,0.0,0.0,,,1
LEES SUMMIT              ,MO,1,17.0,0.0,0.0,0.0,0.0,,,1
LEESBURG                 ,FL,1,20.0,0.0,0.0,0.0,0.0,,,1
LEESBURG                 ,VA,2,12.5,0.0,0.0,0.0,0.0,,,1
LEHIGH                   ,KS,1,66.0,0.0,0.0,0.0,0.0,,,0
LEHIGH ACRES             ,FL,1,20.0,0.0,0.0,0.0,0.0,,,1
LEOMINSTER               ,MA,1,53.0,0.0,0.0,0.0,0.0,,,0
LEWISBURG                ,TN,1,17.0,0.0,0.0,0.0,0.0,,,1
LEXINGTON                ,KY,5,21.6,0.0,0.0,0.0,0.0,,,1
LEXINGTON                ,MA,1,15.0,0.0,0.0,0.0,0.0,,,1
LEXINGTON                ,NC,2,37.5,0.0,0.0,0.0,0.0,,,0
LEXINGTON                ,NE,1,17.0,0.0,0.0,0.0,0.0,,,1
LEXINGTON                ,SC,1,43.0,0.0,0.0,0.0,0.0,,,0
LIBERTY                  ,KY,1,18.0,0.0,0.0,0.0,0.0,,,1
LIBERTY                  ,MO,2,21.0,0.0,0.0,0.0,0.0,,,1
LIBERTY                  ,NY,1,16.0,0.0,0.0,0.0,0.0,,,1
LIBERTY                  ,TX,1,41.0,0.0,0.0,0.0,0.0,,,0
LILBURN                  ,GA,2,15.5,0.0,0.0,0.0,0.0,,,1
LILLIAN                  ,AL,1,70.0,0.0,0.0,0.0,0.0,,,0
LINCOLN                  ,GA,1,17.0,0.0,0.0,0.0,0.0,,,1
LINCOLN                  ,NE,1,7.0,0.0,0.0,0.0,0.0,,,1
LINWOOD                  ,KS,1,54.0,0.0,0.0,0.0,0.0,,,0
LISBON                   ,LA,1,11.0,0.0,0.0,0.0,0.0,,,1
LISLE                    ,IL,1,17.0,0.0,0.0,0.0,0.0,,,1
LITCHFIELD               ,NY,1,44.0,0.0,0.0,0.0,0.0,,,0
LITHONIA                 ,GA,1,17.0,0.0,0.0,0.0,0.0,,,1
LITTLE ROCK              ,AR,6,15.166666666666666,0.0,0.0,0.0,0.0,,,1
LITTLESTOWN              ,PA,1,64.0,0.0,0.0,0.0,0.0,,,0
LITTLETON                ,CO,2,26.0,0.0,0.0,0.0,0.0,,,1
LIVE OAK                 ,FL,1,68.0,0.0,0.0,0.0,0.0,,,0
LIVONIA                  ,MI,1,34.0,0.0,0.0,0.0,0.0,,,1
LOCKHART                 ,TX,2,28.5,0.0,0.0,0.0,0.0,,,1
LOCKPORT                 ,NY,1,17.0,0.0,0.0,0.0,0.0,,,1
LOCUST GROVE             ,OK,1,38.0,0.0,0.0,0.0,0.0,,,0
LOMPOC                   ,CA,2,9.0,0.0,0.0,0.0,0.0,,,1
LONDON                   ,OH,1,17.0,0.0,0.0,0.0,0.0,,,1
LONG BEACH               ,CA,13,25.76923076923077,0.0,0.0,0.0,0.0,,,1
LONGMONT                 ,CO,1,27.0,0.0,0.0,0.0,0.0,,,1
LONGVIEW                 ,WA,3,30.0,0.0,0.0,0.0,0.0,,,1
LORAIN                   ,OH,1,45.0,0.0,0.0,0.0,0.0,,,0
LORETTO                  ,KY,1,18.0,0.0,0.0,0.0,0.0,,,1
LOS ANGELES              ,CA,61,23.59016393442623,0.0,0.0,0.0,0.0,,,2
LOS MOLINOS              ,CA,1,17.0,0.0,0.0,0.0,0.0,,,1
LOUISVILLE               ,KY,10,22.4,0.0,0.0,0.0,0.0,,,1
LOVELAND                 ,CO,1,16.0,0.0,0.0,0.0,0.0,,,1
LOWELLVILLE              ,OH,1,63.0,0.0,0.0,0.0,0.0,,,0
LOWMAN                   ,ID,1,40.0,0.0,0.0,0.0,0.0,,,0
LUBBOCK                  ,TX,1,15.0,0.0,0.0,0.0,0.0,,,1
LUDINGTON                ,MI,1,14.0,0.0,0.0,0.0,0.0,,,1
LUMBERTON                ,NC,3,16.0,0.0,0.0,0.0,0.0,,,1
LUTHERVILLE              ,MD,1,17.0,0.0,0.0,0.0,0.0,,,1
LUTTRELL                 ,TN,1,16.0,0.0,0.0,0.0,0.0,,,1
LUTZ                     ,FL,1,5.0,0.0,0.0,0.0,0.0,,,1
LYMAN                    ,SC,1,17.0,0.0,0.0,0.0,0.0,,,1
LYNBROOK                 ,NY,1,56.0,0.0,0.0,0.0,0.0,,,0
LYNN                     ,MA,7,19.571428571428573,0.0,0.0,0.0,0.0,,,1
LYNNWOOD                 ,WA,1,53.0,0.0,0.0,0.0,0.0,,,0
LYNWOOD                  ,CA,2,19.0,0.0,0.0,0.0,0.0,,,1
MACON                    ,GA,1,37.0,0.0,0.0,0.0,0.0,,,0
MADERA                   ,CA,1,11.0,0.0,0.0,0.0,0.0,,,1
MAGNA                    ,UT,1,30.0,0.0,0.0,0.0,0.0,,,1
MAKAWAO                  ,HI,1,44.0,0.0,0.0,0.0,0.0,,,0
MALAGA                   ,WA,1,16.0,0.0,0.0,0.0,0.0,,,1
MALDEN                   ,WA,1,18.0,0.0,0.0,0.0,0.0,,,1
MALMSTROM                ,MT,1,70.0,0.0,0.0,0.0,0.0,,,0
MANASSAS                 ,VA,2,16.5,0.0,0.0,0.0,0.0,,,1
MANCHESTER               ,NH,2,34.0,0.0,0.0,0.0,0.0,,,1
MANNING                  ,SC,1,17.0,0.0,0.0,0.0,0.0,,,1
MANOR                    ,TX,1,51.0,0.0,0.0,0.0,0.0,,,0
MANSFIELD                ,OH,2,17.0,0.0,0.0,0.0,0.0,,,1
MAPLE GROVE              ,MN,1,48.0,0.0,0.0,0.0,0.0,,,0
MAPLE HEIGHTS            ,OH,1,53.0,0.0,0.0,0.0,0.0,,,0
MAPLE VALLEY             ,WA,1,20.0,0.0,0.0,0.0,0.0,,,1
MARATHON                 ,FL,3,58.0,0.0,0.0,0.0,0.0,,,0
MARCO ISLAND             ,FL,1,69.0,0.0,0.0,0.0,0.0,,,0
MARICOPA                 ,AZ,2,16.5,0.0,0.0,0.0,0.0,,,1
MARIETTA                 ,GA,2,20.0,0.0,0.0,0.0,0.0,,,1
MARINA DEL REY           ,CA,2,34.0,0.0,0.0,0.0,0.0,,,1
MARION                   ,IN,2,52.0,0.0,0.0,0.0,0.0,,,0
MARION                   ,LA,1,54.0,0.0,0.0,0.0,0.0,,,0
MARLBOROUGH              ,MA,1,14.0,0.0,0.0,0.0,0.0,,,1
MARSHALL                 ,MN,1,36.0,0.0,0.0,0.0,0.0,,,0
MARSHALL                 ,TX,1,41.0,0.0,0.0,0.0,0.0,,,0
MARYVILLE                ,TN,1,16.0,0.0,0.0,0.0,0.0,,,1
MATTAPAN                 ,MA,3,28.333333333333332,0.0,0.0,0.0,0.0,,,1
MATTHEWS                 ,NC,2,15.0,0.0,0.0,0.0,0.0,,,1
MAUSTON                  ,WI,1,79.0,0.0,0.0,0.0,0.0,,,0
MAYAGÃœEZ                ,PR,1,17.0,0.0,0.0,0.0,0.0,,,1
MC COOL JUNCTION         ,NE,1,17.0,0.0,0.0,0.0,0.0,,,1
MC KEES ROCKS            ,PA,1,41.0,0.0,0.0,0.0,0.0,,,0
MCCLOUD                  ,CA,1,43.0,0.0,0.0,0.0,0.0,,,0
MCDONOUGH                ,GA,1,17.0,0.0,0.0,0.0,0.0,,,1
MCLEAN                   ,VA,1,14.0,0.0,0.0,0.0,0.0,,,1
MECCA                    ,CA,1,17.0,0.0,0.0,0.0,0.0,,,1
MEDFORD                  ,MA,1,14.0,0.0,0.0,0.0,0.0,,,1
MEDFORD                  ,MN,1,14.0,0.0,0.0,0.0,0.0,,,1
MEDFORD                  ,OR,3,50.666666666666664,0.0,0.0,0.0,0.0,,,0
MEDFORD                  ,WI,1,37.0,0.0,0.0,0.0,0.0,,,0
MEDIA                    ,PA,1,65.0,0.0,0.0,0.0,0.0,,,0
MELBOURNE                ,AR,1,6.0,0.0,0.0,0.0,0.0,,,1
MEMPHIS                  ,TN,23,18.304347826086957,0.0,0.0,0.0,0.0,,,2
MENLO PARK               ,CA,1,46.0,0.0,0.0,0.0,0.0,,,0
MEQUON                   ,WI,1,68.0,0.0,0.0,0.0,0.0,,,0
MERCED                   ,CA,2,17.0,0.0,0.0,0.0,0.0,,,1
MERRITT ISLAND           ,FL,1,17.0,0.0,0.0,0.0,0.0,,,1
MESA                     ,AZ,24,23.75,0.0,0.0,0.0,0.0,,,2
MESQUITE                 ,TX,3,16.666666666666668,0.0,0.0,0.0,0.0,,,1
METAIRIE                 ,LA,2,24.5,0.0,0.0,0.0,0.0,,,1
MEXICO                   ,MO,1,17.0,0.0,0.0,0.0,0.0,,,1
MEXICO CITY              ,  ,1,7.0,0.0,0.0,0.0,0.0,,,1
MIAMI                    ,FL,17,24.294117647058822,0.0,0.0,0.0,0.0,,,1
MIAMI BEACH              ,FL,1,17.0,0.0,0.0,0.0,0.0,,,1
MIAMI GARDENS            ,FL,3,16.0,0.0,0.0,0.0,0.0,,,1
MIAMI SHORES             ,FL,1,65.0,0.0,0.0,0.0,0.0,,,0
MIAMI TOWNSHIP           ,OH,1,53.0,0.0,0.0,0.0,0.0,,,0
MICANOPY                 ,FL,1,38.0,0.0,0.0,0.0,0.0,,,0
MICHIGAN CITY            ,IN,1,16.0,0.0,0.0,0.0,0.0,,,1
MIDDLE RIVER             ,MD,1,16.0,0.0,0.0,0.0,0.0,,,1
MIDDLEBORO               ,MA,1,17.0,0.0,0.0,0.0,0.0,,,1
MIDDLEBURY               ,VT,1,72.0,0.0,0.0,0.0,0.0,,,0
MIDDLETOWN               ,NY,1,18.0,0.0,0.0,0.0,0.0,,,1
MIDDLETOWN SPRINGS       ,VT,1,50.0,0.0,0.0,0.0,0.0,,,0
MIDLAND                  ,TX,2,16.5,0.0,0.0,0.0,0.0,,,1
MIDWEST CITY             ,OK,2,44.0,0.0,0.0,0.0,0.0,,,0
MILAN                    ,TN,1,42.0,0.0,0.0,0.0,0.0,,,0
MILLERSVILLE             ,TN,1,14.0,0.0,0.0,0.0,0.0,,,1
MILWAUKEE                ,WI,15,19.666666666666668,0.0,0.0,0.0,0.0,,,1
MINNEAPOLIS              ,MN,6,22.833333333333332,0.0,0.0,0.0,0.0,,,1
MISHAWAKA                ,IN,1,16.0,0.0,0.0,0.0,0.0,,,1
MISSION                  ,TX,2,22.0,0.0,0.0,0.0,0.0,,,1
MISSION HILLS            ,CA,1,16.0,0.0,0.0,0.0,0.0,,,1
MITCHELL                 ,SD,1,16.0,0.0,0.0,0.0,0.0,,,1
MOBERLY                  ,MO,1,17.0,0.0,0.0,0.0,0.0,,,1
MOBILE                   ,AL,3,21.0,0.0,0.0,0.0,0.0,,,1
MOBRIDGE                 ,SD,1,62.0,0.0,0.0,0.0,0.0,,,0
MOCA                     ,PR,1,45.0,0.0,0.0,0.0,0.0,,,0
MODESTO                  ,CA,9,33.888888888888886,0.0,0.0,0.0,0.0,,,1
MOLINE                   ,IL,1,40.0,0.0,0.0,0.0,0.0,,,0
MONCKS CORNER            ,SC,1,48.0,0.0,0.0,0.0,0.0,,,0
MONETT                   ,MO,1,19.0,0.0,0.0,0.0,0.0,,,1
MONROE                   ,GA,2,16.5,0.0,0.0,0.0,0.0,,,1
MONROE                   ,MI,1,45.0,0.0,0.0,0.0,0.0,,,0
MONROE CITY              ,MO,1,73.0,0.0,0.0,0.0,0.0,,,0
MONTCLAIR                ,CA,1,58.0,0.0,0.0,0.0,0.0,,,0
MONTEBELLO               ,CA,1,64.0,0.0,0.0,0.0,0.0,,,0
MONTEREY                 ,CA,1,40.0,0.0,0.0,0.0,0.0,,,0
MONTGOMERY               ,AL,3,33.666666666666664,0.0,0.0,0.0,0.0,,,1
MONTICELLO               ,FL,1,38.0,0.0,0.0,0.0,0.0,,,0
MONTROSE                 ,CA,1,71.0,0.0,0.0,0.0,0.0,,,0
MONUMENT                 ,CO,2,30.5,0.0,0.0,0.0,0.0,,,1
MOORE                    ,OK,1,48.0,0.0,0.0,0.0,0.0,,,0
MORENCI                  ,MI,3,21.0,0.0,0.0,0.0,0.0,,,1
MORENO VALLEY            ,CA,6,21.666666666666668,0.0,0.0,0.0,0.0,,,1
MORGAN CITY              ,LA,1,63.0,0.0,0.0,0.0,0.0,,,0
MORGAN HILL              ,CA,1,28.0,0.0,0.0,0.0,0.0,,,1
MORGANFIELD              ,KY,1,35.0,0.0,0.0,0.0,0.0,,,1
MORRISTOWN               ,NJ,2,22.0,0.0,0.0,0.0,0.0,,,1
MORROW                   ,GA,1,35.0,0.0,0.0,0.0,0.0,,,1
MOSCOW MILLS             ,MO,1,45.0,0.0,0.0,0.0,0.0,,,0
MOSES LAKE               ,WA,1,17.0,0.0,0.0,0.0,0.0,,,1
MOULTRIE                 ,GA,1,30.0,0.0,0.0,0.0,0.0,,,1
MOUND HOUSE              ,NV,1,52.0,0.0,0.0,0.0,0.0,,,0
MOUNT JULIET             ,TN,1,14.0,0.0,0.0,0.0,0.0,,,1
MOUNT VERNON             ,AL,1,17.0,0.0,0.0,0.0,0.0,,,1
MOUNT VERNON             ,IL,2,16.5,0.0,0.0,0.0,0.0,,,1
MOUNT VERNON             ,MO,1,17.0,0.0,0.0,0.0,0.0,,,1
MOUNT VERNON             ,WA,1,33.0,0.0,0.0,0.0,0.0,,,1
MOUNTAIN CENTER          ,CA,1,37.0,0.0,0.0,0.0,0.0,,,0
MOUNTAIN VIEW            ,CA,1,47.0,0.0,0.0,0.0,0.0,,,0
MOUSIE                   ,KY,1,49.0,0.0,0.0,0.0,0.0,,,0
MT. HEALTHY              ,OH,1,16.0,0.0,0.0,0.0,0.0,,,1
MUKWONAGO                ,WI,1,17.0,0.0,0.0,0.0,0.0,,,1
MULLINS                  ,SC,1,15.0,0.0,0.0,0.0,0.0,,,1
MUNCIE                   ,IN,4,15.0,0.0,0.0,0.0,0.0,,,1
MURFREESBORO             ,TN,2,29.5,0.0,0.0,0.0,0.0,,,1
MUSCOY                   ,CA,1,41.0,0.0,0.0,0.0,0.0,,,0
MUSKOGEE                 ,OK,2,29.0,0.0,0.0,0.0,0.0,,,1
MYRTLE POINT             ,OR,1,52.0,0.0,0.0,0.0,0.0,,,0
NAMPA                    ,ID,3,30.333333333333332,0.0,0.0,0.0,0.0,,,1
NAPA                     ,CA,1,64.0,0.0,0.0,0.0,0.0,,,0
NAPLES                   ,FL,3,31.333333333333332,0.0,0.0,0.0,0.0,,,1
NARROWSBURG              ,NY,2,67.5,0.0,0.0,0.0,0.0,,,0
NASHVILLE                ,TN,12,23.416666666666668,0.0,0.0,0.0,0.0,,,1
NATICK                   ,MA,1,65.0,0.0,0.0,0.0,0.0,,,0
NEAH BAY                 ,WA,1,36.0,0.0,0.0,0.0,0.0,,,0
NEDERLAND                ,CO,1,62.0,0.0,0.0,0.0,0.0,,,0
NEEDLES                  ,CA,1,43.0,0.0,0.0,0.0,0.0,,,0
NEENAH                   ,WI,1,16.0,0.0,0.0,0.0,0.0,,,1
NEKOOSA                  ,WI,1,27.0,0.0,0.0,0.0,0.0,,,1
NEVADA                   ,MO,1,17.0,0.0,0.0,0.0,0.0,,,1
NEW ALBANY               ,IN,1,17.0,0.0,0.0,0.0,0.0,,,1
NEW BEDFORD              ,MA,1,17.0,0.0,0.0,0.0,0.0,,,1
NEW BERN                 ,NC,1,41.0,0.0,0.0,0.0,0.0,,,0
NEW BRAUNFELS            ,TX,2,15.5,0.0,0.0,0.0,0.0,,,1
NEW BRITAIN              ,CT,1,16.0,0.0,0.0,0.0,0.0,,,1
NEW CASTLE               ,DE,1,17.0,0.0,0.0,0.0,0.0,,,1
NEW CASTLE               ,PA,1,47.0,0.0,0.0,0.0,0.0,,,0
NEW COLUMBIA             ,PA,1,40.0,0.0,0.0,0.0,0.0,,,0
NEW HAVEN                ,CT,1,12.0,0.0,0.0,0.0,0.0,,,1
NEW HAVEN                ,NY,1,49.0,0.0,0.0,0.0,0.0,,,0
NEW LISBON               ,NJ,2,64.5,0.0,0.0,0.0,0.0,,,0
NEW LONDON               ,MN,1,40.0,0.0,0.0,0.0,0.0,,,0
NEW ORLEANS              ,LA,5,19.8,0.0,0.0,0.0,0.0,,,1
NEW PORT RICHEY          ,FL,4,17.0,0.0,0.0,0.0,0.0,,,1
NEW SWEDEN               ,ME,1,14.0,0.0,0.0,0.0,0.0,,,1
NEW YORK                 ,NY,15,35.86666666666667,0.0,0.0,0.0,0.0,,,1
NEWARK                   ,DE,1,30.0,0.0,0.0,0.0,0.0,,,1
NEWARK                   ,NJ,3,27.0,0.0,0.0,0.0,0.0,,,1
NEWPORT                  ,OR,2,46.5,0.0,0.0,0.0,0.0,,,0
NEWPORT BEACH            ,CA,1,78.0,0.0,0.0,0.0,0.0,,,0
NEWPORT NEWS             ,VA,3,25.666666666666668,0.0,0.0,0.0,0.0,,,1
NEWTON                   ,NH,1,60.0,0.0,0.0,0.0,0.0,,,0
NIAGARA FALLS            ,NY,1,45.0,0.0,0.0,0.0,0.0,,,0
NICHOLASVILLE            ,KY,1,16.0,0.0,0.0,0.0,0.0,,,1
NILES                    ,MI,1,59.0,0.0,0.0,0.0,0.0,,,0
NIPTON                   ,CA,1,44.0,0.0,0.0,0.0,0.0,,,0
NITRO                    ,WV,1,16.0,0.0,0.0,0.0,0.0,,,1
NOCONA                   ,TX,1,28.0,0.0,0.0,0.0,0.0,,,1
NOGALES                  ,AZ,1,28.0,0.0,0.0,0.0,0.0,,,1
NORCROSS                 ,GA,2,17.5,0.0,0.0,0.0,0.0,,,1
NORFOLK                  ,NE,1,47.0,0.0,0.0,0.0,0.0,,,0
NORFOLK                  ,VA,1,49.0,0.0,0.0,0.0,0.0,,,0
NORMAN                   ,OK,2,56.5,0.0,0.0,0.0,0.0,,,0
NORRISTOWN               ,PA,2,9.5,0.0,0.0,0.0,0.0,,,1
NORTH AUGUSTA            ,SC,1,43.0,0.0,0.0,0.0,0.0,,,0
NORTH CHARLESTON         ,SC,6,24.5,0.0,0.0,0.0,0.0,,,1
NORTH CHESTERFIELD       ,VA,1,16.0,0.0,0.0,0.0,0.0,,,1
NORTH HOLLYWOOD          ,CA,1,15.0,0.0,0.0,0.0,0.0,,,1
NORTH LAKE TAHOE         ,CA,1,61.0,0.0,0.0,0.0,0.0,,,0
NORTH LAS VEGAS          ,NV,4,22.25,0.0,0.0,0.0,0.0,,,1
NORTH LAUDERDALE         ,FL,1,63.0,0.0,0.0,0.0,0.0,,,0
NORTH LITTLE ROCK        ,AR,1,18.0,0.0,0.0,0.0,0.0,,,1
NORTH MANCHESTER         ,IN,1,17.0,0.0,0.0,0.0,0.0,,,1
NORTH MIAMI BEACH        ,FL,1,38.0,0.0,0.0,0.0,0.0,,,0
NORTH RICHLAND HILLS     ,TX,1,16.0,0.0,0.0,0.0,0.0,,,1
NORTH RIDGEVILLE         ,OH,1,17.0,0.0,0.0,0.0,0.0,,,1
NORTHPORT                ,AL,1,18.0,0.0,0.0,0.0,0.0,,,1
NORTHRIDGE               ,CA,1,16.0,0.0,0.0,0.0,0.0,,,1
NORWALK                  ,CT,1,63.0,0.0,0.0,0.0,0.0,,,0
NOVATO                   ,CA,1,17.0,0.0,0.0,0.0,0.0,,,1
NOVI                     ,MI,1,60.0,0.0,0.0,0.0,0.0,,,0
NUEVO CASAS GRANDES      ,  ,1,6.0,0.0,0.0,0.0,0.0,,,1
O FALLON                 ,MO,1,18.0,0.0,0.0,0.0,0.0,,,1
OAK HARBOR               ,WA,1,48.0,0.0,0.0,0.0,0.0,,,0
OAK PARK                 ,IL,1,57.0,0.0,0.0,0.0,0.0,,,0
OAK RIDGE                ,TN,1,24.0,0.0,0.0,0.0,0.0,,,1
OAKDALE                  ,NY,1,70.0,0.0,0.0,0.0,0.0,,,0
OAKHURST                 ,CA,1,19.0,0.0,0.0,0.0,0.0,,,1
OAKLAND                  ,CA,10,25.8,0.0,0.0,0.0,0.0,,,1
OAKVILLE                 ,WA,1,8.0,0.0,0.0,0.0,0.0,,,1
OCALA                    ,FL,1,61.0,0.0,0.0,0.0,0.0,,,0
OCEAN CITY               ,MD,1,17.0,0.0,0.0,0.0,0.0,,,1
OCEAN SHORES             ,WA,1,57.0,0.0,0.0,0.0,0.0,,,0
ODENVILLE                ,AL,1,19.0,0.0,0.0,0.0,0.0,,,1
OGDEN                    ,UT,2,15.5,0.0,0.0,0.0,0.0,,,1
OGLESBY                  ,IL,1,69.0,0.0,0.0,0.0,0.0,,,0
OKLAHOMA CITY            ,OK,8,35.375,0.0,0.0,0.0,0.0,,,1
OKMULGEE                 ,OK,1,29.0,0.0,0.0,0.0,0.0,,,1
OLATHE                   ,KS,2,17.0,0.0,0.0,0.0,0.0,,,1
OLYMPIA                  ,WA,1,17.0,0.0,0.0,0.0,0.0,,,1
OMAHA                    ,NE,14,26.642857142857142,0.0,0.0,0.0,0.0,,,1
OMAK                     ,WA,1,19.0,0.0,0.0,0.0,0.0,,,1
OPA LOCKA                ,FL,1,17.0,0.0,0.0,0.0,0.0,,,1
OPELIKA                  ,AL,1,18.0,0.0,0.0,0.0,0.0,,,1
OPELOUSAS                ,LA,1,14.0,0.0,0.0,0.0,0.0,,,1
OPP                      ,AL,1,44.0,0.0,0.0,0.0,0.0,,,0
ORACLE                   ,AZ,2,36.0,0.0,0.0,0.0,0.0,,,1
ORANGE                   ,CA,5,13.4,0.0,0.0,0.0,0.0,,,1
ORANGE                   ,VA,1,33.0,0.0,0.0,0.0,0.0,,,1
ORANGEBURG               ,SC,1,40.0,0.0,0.0,0.0,0.0,,,0
ORANGEVALE               ,CA,2,16.0,0.0,0.0,0.0,0.0,,,1
ORLANDO                  ,FL,13,28.53846153846154,0.0,0.0,0.0,0.0,,,1
ORMOND BEACH             ,FL,1,59.0,0.0,0.0,0.0,0.0,,,0
OROVILLE                 ,CA,1,68.0,0.0,0.0,0.0,0.0,,,0
ORRVILLE                 ,OH,1,100.0,0.0,0.0,0.0,0.0,,,0
OSCODA                   ,MI,2,71.0,0.0,0.0,0.0,0.0,,,0
OTSEGO                   ,MI,1,68.0,0.0,0.0,0.0,0.0,,,0
OTTAWA LAKE              ,MI,1,47.0,0.0,0.0,0.0,0.0,,,0
OVERLAND                 ,MO,1,69.0,0.0,0.0,0.0,0.0,,,0
OWENSBORO                ,KY,2,36.0,0.0,0.0,0.0,0.0,,,1
OWENTON                  ,KY,1,16.0,0.0,0.0,0.0,0.0,,,1
OXNARD                   ,CA,6,13.333333333333334,0.0,0.0,0.0,0.0,,,1
PACIFIC PALISADES        ,CA,1,59.0,0.0,0.0,0.0,0.0,,,0
PAGOSA SPRINGS           ,CO,1,55.0,0.0,0.0,0.0,0.0,,,0
PALESTINE                ,TX,1,52.0,0.0,0.0,0.0,0.0,,,0
PALISADES PARK           ,NJ,1,16.0,0.0,0.0,0.0,0.0,,,1
PALM BEACH GARDENS       ,FL,2,19.5,0.0,0.0,0.0,0.0,,,1
PALM CITY                ,FL,1,16.0,0.0,0.0,0.0,0.0,,,1
PALM SPRINGS             ,CA,1,49.0,0.0,0.0,0.0,0.0,,,0
PALMDALE                 ,CA,5,16.0,0.0,0.0,0.0,0.0,,,1
PALMETTO                 ,FL,2,16.0,0.0,0.0,0.0,0.0,,,1
PALO CEDRO               ,CA,1,14.0,0.0,0.0,0.0,0.0,,,1
PANAMA CITY              ,FL,1,17.0,0.0,0.0,0.0,0.0,,,1
PANORAMA CITY            ,CA,1,18.0,0.0,0.0,0.0,0.0,,,1
PARADISE VALLEY          ,AZ,1,17.0,0.0,0.0,0.0,0.0,,,1
PARKER                   ,CO,2,28.0,0.0,0.0,0.0,0.0,,,1
PARKERSBURG              ,WV,1,15.0,0.0,0.0,0.0,0.0,,,1
PARKVILLE                ,MD,1,54.0,0.0,0.0,0.0,0.0,,,0
PARTLOW                  ,VA,1,28.0,0.0,0.0,0.0,0.0,,,1
PASADENA                 ,CA,3,23.333333333333332,0.0,0.0,0.0,0.0,,,1
PASADENA                 ,MD,2,41.5,0.0,0.0,0.0,0.0,,,0
PASADENA                 ,TX,4,27.5,0.0,0.0,0.0,0.0,,,1
PATERSON                 ,NJ,2,37.0,0.0,0.0,0.0,0.0,,,0
PAULS VALLEY             ,OK,1,22.0,0.0,0.0,0.0,0.0,,,1
PEA RIDGE                ,AR,1,33.0,0.0,0.0,0.0,0.0,,,1
PEARCE                   ,AZ,1,46.0,0.0,0.0,0.0,0.0,,,0
PEMBROKE PINES           ,FL,1,27.0,0.0,0.0,0.0,0.0,,,1
PENSACOLA                ,FL,6,28.833333333333332,0.0,0.0,0.0,0.0,,,1
PEORIA                   ,AZ,1,16.0,0.0,0.0,0.0,0.0,,,1
PEORIA                   ,IL,1,13.0,0.0,0.0,0.0,0.0,,,1
PERRIS                   ,CA,1,16.0,0.0,0.0,0.0,0.0,,,1
PERRYVILLE               ,MO,2,18.5,0.0,0.0,0.0,0.0,,,1
PERU                     ,NE,1,33.0,0.0,0.0,0.0,0.0,,,1
PERU                     ,NY,1,64.0,0.0,0.0,0.0,0.0,,,0
PESCADERO                ,CA,1,50.0,0.0,0.0,0.0,0.0,,,0
PETAL                    ,MS,1,49.0,0.0,0.0,0.0,0.0,,,0
PETALUMA                 ,CA,1,68.0,0.0,0.0,0.0,0.0,,,0
PFLUGERVILLE             ,TX,1,17.0,0.0,0.0,0.0,0.0,,,1
PHILADELPHIA             ,PA,30,27.033333333333335,0.0,0.0,0.0,0.0,,,2
PHOENIX                  ,AZ,44,28.90909090909091,0.0,0.0,0.0,0.0,,,2
PIEDMONT                 ,SC,1,36.0,0.0,0.0,0.0,0.0,,,0
PINE BLUFF               ,AR,1,48.0,0.0,0.0,0.0,0.0,,,0
PINE CITY                ,MN,1,37.0,0.0,0.0,0.0,0.0,,,0
PINE RIDGE               ,SD,1,16.0,0.0,0.0,0.0,0.0,,,1
PINELLAS PARK            ,FL,1,14.0,0.0,0.0,0.0,0.0,,,1
PINOLE                   ,CA,1,44.0,0.0,0.0,0.0,0.0,,,0
PITTSBURG                ,CA,1,51.0,0.0,0.0,0.0,0.0,,,0
PITTSBURGH               ,PA,8,32.5,0.0,0.0,0.0,0.0,,,1
PLACENTIA                ,CA,1,13.0,0.0,0.0,0.0,0.0,,,1
PLACERVILLE              ,CA,2,39.0,0.0,0.0,0.0,0.0,,,0
PLAINFIELD               ,IL,1,19.0,0.0,0.0,0.0,0.0,,,1
PLAINFIELD               ,NJ,1,35.0,0.0,0.0,0.0,0.0,,,1
PLANO                    ,TX,2,17.5,0.0,0.0,0.0,0.0,,,1
PLANTATION               ,FL,5,41.2,0.0,0.0,0.0,0.0,,,0
PLEASANTVILLE            ,NY,8,16.375,0.0,0.0,0.0,0.0,,,1
PLYMOUTH                 ,IN,1,16.0,0.0,0.0,0.0,0.0,,,1
POCATELLO                ,ID,1,73.0,0.0,0.0,0.0,0.0,,,0
POMONA                   ,CA,3,16.0,0.0,0.0,0.0,0.0,,,1
POMPANO BEACH            ,FL,7,55.857142857142854,0.0,0.0,0.0,0.0,,,0
PONDER                   ,TX,1,16.0,0.0,0.0,0.0,0.0,,,1
POPLAR                   ,MT,1,26.0,0.0,0.0,0.0,0.0,,,1
PORT LAVACA              ,TX,1,17.0,0.0,0.0,0.0,0.0,,,1
PORT ORCHARD             ,WA,1,55.0,0.0,0.0,0.0,0.0,,,0
PORT REPUBLIC            ,MD,1,66.0,0.0,0.0,0.0,0.0,,,0
PORT SAINT LUCIE         ,FL,4,38.0,0.0,0.0,0.0,0.0,,,0
PORT SALERNO             ,FL,1,41.0,0.0,0.0,0.0,0.0,,,0
PORT TOWNSEND            ,WA,1,55.0,0.0,0.0,0.0,0.0,,,0
PORTERVILLE              ,CA,4,20.0,0.0,0.0,0.0,0.0,,,1
PORTLAND                 ,ME,1,69.0,0.0,0.0,0.0,0.0,,,0
PORTLAND                 ,OR,14,28.785714285714285,0.0,0.0,0.0,0.0,,,1
PORTLAND                 ,TX,1,11.0,0.0,0.0,0.0,0.0,,,1
PORTSMOUTH               ,OH,1,17.0,0.0,0.0,0.0,0.0,,,1
PORTSMOUTH               ,VA,2,15.0,0.0,0.0,0.0,0.0,,,1
POST FALLS               ,ID,1,16.0,0.0,0.0,0.0,0.0,,,1
POTOSI                   ,MO,1,17.0,0.0,0.0,0.0,0.0,,,1
POTTSVILLE               ,PA,1,55.0,0.0,0.0,0.0,0.0,,,0
POUDRE PARK              ,CO,1,56.0,0.0,0.0,0.0,0.0,,,0
POUGHKEEPSIE             ,NY,1,16.0,0.0,0.0,0.0,0.0,,,1
POWELL                   ,OH,1,2.0,0.0,0.0,0.0,0.0,,,1
PROSPECT                 ,OR,1,61.0,0.0,0.0,0.0,0.0,,,0
PROVIDENCE               ,RI,2,14.5,0.0,0.0,0.0,0.0,,,1
PRUDENVILLE              ,MI,2,15.5,0.0,0.0,0.0,0.0,,,1
PUEBLO                   ,CO,3,9.666666666666666,0.0,0.0,0.0,0.0,,,1
PUNTA GORDA              ,FL,1,30.0,0.0,0.0,0.0,0.0,,,1
QUARTZ HILL              ,CA,1,16.0,0.0,0.0,0.0,0.0,,,1
QUEEN CREEK              ,AZ,4,17.5,0.0,0.0,0.0,0.0,,,1
QUEENS                   ,NY,1,39.0,0.0,0.0,0.0,0.0,,,0
QUINCY                   ,CA,1,70.0,0.0,0.0,0.0,0.0,,,0
QUINCY                   ,IL,1,17.0,0.0,0.0,0.0,0.0,,,1
QUINCY                   ,MA,1,31.0,0.0,0.0,0.0,0.0,,,1
RACINE                   ,WI,1,17.0,0.0,0.0,0.0,0.0,,,1
RADCLIFF                 ,KY,1,19.0,0.0,0.0,0.0,0.0,,,1
RAEFORD                  ,NC,2,25.5,0.0,0.0,0.0,0.0,,,1
RAHWAY                   ,NJ,2,11.0,0.0,0.0,0.0,0.0,,,1
RALEIGH                  ,NC,1,17.0,0.0,0.0,0.0,0.0,,,1
RAMONA                   ,CA,1,50.0,0.0,0.0,0.0,0.0,,,0
RANCHO CORDOVA           ,CA,1,43.0,0.0,0.0,0.0,0.0,,,0
RANCHO CUCAMONGA         ,CA,1,17.0,0.0,0.0,0.0,0.0,,,1
RANCHO SANTA MARGARITA   ,CA,1,37.0,0.0,0.0,0.0,0.0,,,0
RAPID CITY               ,SD,3,16.333333333333332,0.0,0.0,0.0,0.0,,,1
RAWLINS                  ,WY,1,66.0,0.0,0.0,0.0,0.0,,,0
RAY CITY                 ,GA,1,17.0,0.0,0.0,0.0,0.0,,,1
RAYMOND                  ,MS,1,20.0,0.0,0.0,0.0,0.0,,,1
RAYMOND                  ,WA,1,40.0,0.0,0.0,0.0,0.0,,,0
RED SPRINGS              ,NC,1,16.0,0.0,0.0,0.0,0.0,,,1
REDDING                  ,CA,4,22.75,0.0,0.0,0.0,0.0,,,1
REDMOND                  ,WA,1,8.0,0.0,0.0,0.0,0.0,,,1
REEDSBURG                ,WI,1,15.0,0.0,0.0,0.0,0.0,,,1
REIDSVILLE               ,NC,1,17.0,0.0,0.0,0.0,0.0,,,1
REISTERSTOWN             ,MD,1,15.0,0.0,0.0,0.0,0.0,,,1
RENO                     ,NV,5,39.2,0.0,0.0,0.0,0.0,,,0
RENTON                   ,WA,1,22.0,0.0,0.0,0.0,0.0,,,1
REPUBLIC                 ,MO,1,16.0,0.0,0.0,0.0,0.0,,,1
RESEDA                   ,CA,3,15.333333333333334,0.0,0.0,0.0,0.0,,,1
REVERE                   ,MA,1,61.0,0.0,0.0,0.0,0.0,,,0
REYNOLDSBURG             ,OH,1,12.0,0.0,0.0,0.0,0.0,,,1
RIALTO                   ,CA,2,16.5,0.0,0.0,0.0,0.0,,,1
RICE                     ,TX,1,22.0,0.0,0.0,0.0,0.0,,,1
RICHARDSON               ,TX,1,17.0,0.0,0.0,0.0,0.0,,,1
RICHLAND                 ,WA,1,53.0,0.0,0.0,0.0,0.0,,,0
RICHMOND                 ,MO,2,48.0,0.0,0.0,0.0,0.0,,,0
RICHMOND                 ,VA,3,25.0,0.0,0.0,0.0,0.0,,,1
RIO COMMUNITIES          ,NM,1,56.0,0.0,0.0,0.0,0.0,,,0
RIO RANCHO               ,NM,1,13.0,0.0,0.0,0.0,0.0,,,1
RIO RICO                 ,AZ,1,16.0,0.0,0.0,0.0,0.0,,,1
RISING SUN               ,IN,2,26.5,0.0,0.0,0.0,0.0,,,1
RIVERBANK                ,CA,1,15.0,0.0,0.0,0.0,0.0,,,1
RIVERDALE                ,IL,1,17.0,0.0,0.0,0.0,0.0,,,1
RIVERSIDE                ,CA,5,14.2,0.0,0.0,0.0,0.0,,,1
RIVERTON                 ,WY,2,55.0,0.0,0.0,0.0,0.0,,,0
ROANOKE                  ,VA,3,43.333333333333336,0.0,0.0,0.0,0.0,,,0
ROBERTSDALE              ,AL,1,32.0,0.0,0.0,0.0,0.0,,,1
ROBINSON TOWNSHIP        ,PA,1,63.0,0.0,0.0,0.0,0.0,,,0
ROCHESTER                ,NH,2,41.0,0.0,0.0,0.0,0.0,,,0
ROCHESTER                ,NY,4,30.75,0.0,0.0,0.0,0.0,,,1
ROCK HILL                ,SC,2,22.5,0.0,0.0,0.0,0.0,,,1
ROCKFORD                 ,AL,1,57.0,0.0,0.0,0.0,0.0,,,0
ROCKINGHAM               ,NC,1,51.0,0.0,0.0,0.0,0.0,,,0
ROCKLEDGE                ,FL,1,17.0,0.0,0.0,0.0,0.0,,,1
ROCKVILLE                ,MD,1,17.0,0.0,0.0,0.0,0.0,,,1
ROCKWELL                 ,NC,1,17.0,0.0,0.0,0.0,0.0,,,1
ROCKY FORD               ,CO,2,57.5,0.0,0.0,0.0,0.0,,,0
ROGERSVILLE              ,TN,1,9.0,0.0,0.0,0.0,0.0,,,1
ROHNERT PARK             ,CA,2,41.0,0.0,0.0,0.0,0.0,,,0
ROLLA                    ,MO,1,17.0,0.0,0.0,0.0,0.0,,,1
ROME                     ,NY,1,51.0,0.0,0.0,0.0,0.0,,,0
ROSEBORO                 ,NC,1,28.0,0.0,0.0,0.0,0.0,,,1
ROSEMEAD                 ,CA,1,60.0,0.0,0.0,0.0,0.0,,,0
ROSENBERG                ,TX,1,14.0,0.0,0.0,0.0,0.0,,,1
ROSEVILLE                ,CA,2,17.0,0.0,0.0,0.0,0.0,,,1
ROSHARON                 ,TX,1,12.0,0.0,0.0,0.0,0.0,,,1
ROSWELL                  ,NM,1,17.0,0.0,0.0,0.0,0.0,,,1
ROWLAND HEIGHTS          ,CA,2,25.0,0.0,0.0,0.0,0.0,,,1
ROY                      ,UT,1,17.0,0.0,0.0,0.0,0.0,,,1
ROYAL PALM BEACH         ,FL,1,13.0,0.0,0.0,0.0,0.0,,,1
RUNNING SPRINGS          ,CA,3,43.666666666666664,0.0,0.0,0.0,0.0,,,0
RUSSELL                  ,KS,1,34.0,0.0,0.0,0.0,0.0,,,1
RUSTON                   ,LA,1,17.0,0.0,0.0,0.0,0.0,,,1
SACRAMENTO               ,CA,14,29.857142857142858,0.0,0.0,0.0,0.0,,,1
SAHUARITA                ,AZ,1,17.0,0.0,0.0,0.0,0.0,,,1
SAINT ALBANS             ,VT,1,14.0,0.0,0.0,0.0,0.0,,,1
SAINT CHARLES            ,MI,1,17.0,0.0,0.0,0.0,0.0,,,1
SAINT CHARLES            ,MO,3,40.666666666666664,0.0,0.0,0.0,0.0,,,0
SAINT CLAIR SHORES       ,MI,1,18.0,0.0,0.0,0.0,0.0,,,1
SAINT CLOUD              ,MN,2,29.5,0.0,0.0,0.0,0.0,,,1
SAINT CROIX              ,VI,1,36.0,0.0,0.0,0.0,0.0,,,0
SAINT GEORGE             ,UT,2,33.0,0.0,0.0,0.0,0.0,,,1
SAINT IGNACE             ,MI,1,23.0,0.0,0.0,0.0,0.0,,,1
SAINT IGNATIUS           ,MT,1,47.0,0.0,0.0,0.0,0.0,,,0
SAINT JOSEPH             ,MO,2,26.5,0.0,0.0,0.0,0.0,,,1
SAINT LOUIS              ,MO,12,26.833333333333332,0.0,0.0,0.0,0.0,,,1
SAINT MARTINVILLE        ,LA,1,58.0,0.0,0.0,0.0,0.0,,,0
SAINT PAUL               ,MN,4,23.25,0.0,0.0,0.0,0.0,,,1
SAINT PETERSBURG         ,FL,1,30.0,0.0,0.0,0.0,0.0,,,1
SALEM                    ,OR,1,17.0,0.0,0.0,0.0,0.0,,,1
SALINA                   ,KS,1,16.0,0.0,0.0,0.0,0.0,,,1
SALINAS                  ,CA,1,20.0,0.0,0.0,0.0,0.0,,,1
SALISBURY                ,MD,1,61.0,0.0,0.0,0.0,0.0,,,0
SALISBURY                ,NC,1,17.0,0.0,0.0,0.0,0.0,,,1
SALLIS                   ,MS,1,15.0,0.0,0.0,0.0,0.0,,,1
SALT LAKE CITY           ,UT,7,32.857142857142854,0.0,0.0,0.0,0.0,,,1
SAN ANTONIO              ,TX,13,24.692307692307693,0.0,0.0,0.0,0.0,,,1
SAN BENITO               ,TX,2,37.0,0.0,0.0,0.0,0.0,,,0
SAN BERNARDINO           ,CA,7,26.714285714285715,0.0,0.0,0.0,0.0,,,1
SAN CLEMENTE             ,CA,1,17.0,0.0,0.0,0.0,0.0,,,1
SAN DIEGO                ,CA,13,30.846153846153847,0.0,0.0,0.0,0.0,,,1
SAN FERNANDO             ,CA,2,15.5,0.0,0.0,0.0,0.0,,,1
SAN FRANCISCO            ,CA,14,40.642857142857146,0.0,0.0,0.0,0.0,,,1
SAN JACINTO              ,CA,2,19.5,0.0,0.0,0.0,0.0,,,1
SAN JOSE                 ,CA,3,41.666666666666664,0.0,0.0,0.0,0.0,,,0
SAN JUAN                 ,  ,1,17.0,0.0,0.0,0.0,0.0,,,1
SAN JUAN                 ,PR,2,30.0,0.0,0.0,0.0,0.0,,,1
SAN JUAN                 ,TX,1,24.0,0.0,0.0,0.0,0.0,,,1
SAN LORENZO              ,PR,1,31.0,0.0,0.0,0.0,0.0,,,1
SAN LUIS OBISPO          ,CA,1,48.0,0.0,0.0,0.0,0.0,,,0
SAN MARCOS               ,CA,1,31.0,0.0,0.0,0.0,0.0,,,1
SAN MATEO                ,CA,1,66.0,0.0,0.0,0.0,0.0,,,0
SAN PABLO                ,CA,1,58.0,0.0,0.0,0.0,0.0,,,0
SAN PEDRO                ,CA,4,28.25,0.0,0.0,0.0,0.0,,,1
SAN PEDRO SULA           ,  ,1,10.0,0.0,0.0,0.0,0.0,,,1
SAN RAFAEL               ,CA,1,58.0,0.0,0.0,0.0,0.0,,,0
SAN TAN VALLEY           ,AZ,4,15.0,0.0,0.0,0.0,0.0,,,1
SANBORN TOWNSHIP         ,MI,1,57.0,0.0,0.0,0.0,0.0,,,0
SAND SPRINGS             ,OK,1,16.0,0.0,0.0,0.0,0.0,,,1
SANFORD                  ,FL,3,18.333333333333332,0.0,0.0,0.0,0.0,,,1
SANTA ANA                ,CA,8,35.75,0.0,0.0,0.0,0.0,,,1
SANTA BARBARA            ,CA,1,70.0,0.0,0.0,0.0,0.0,,,0
SANTA CLARA              ,CA,2,38.5,0.0,0.0,0.0,0.0,,,0
SANTA CLARITA            ,CA,2,40.0,0.0,0.0,0.0,0.0,,,0
SANTA CRUZ               ,CA,1,76.0,0.0,0.0,0.0,0.0,,,0
SANTA FE                 ,NM,3,24.666666666666668,0.0,0.0,0.0,0.0,,,1
SANTA FE                 ,TX,1,56.0,0.0,0.0,0.0,0.0,,,0
SANTA FE SPRINGS         ,CA,1,17.0,0.0,0.0,0.0,0.0,,,1
SANTA ISABEL             ,PR,1,37.0,0.0,0.0,0.0,0.0,,,0
SANTA MARIA              ,CA,2,21.0,0.0,0.0,0.0,0.0,,,1
SANTA ROSA               ,CA,3,58.666666666666664,0.0,0.0,0.0,0.0,,,0
SARATOGA SPRINGS         ,NY,1,52.0,0.0,0.0,0.0,0.0,,,0
SATSUMA                  ,FL,1,21.0,0.0,0.0,0.0,0.0,,,1
SAUCIER                  ,MS,1,17.0,0.0,0.0,0.0,0.0,,,1
SAVANNAH                 ,TN,1,36.0,0.0,0.0,0.0,0.0,,,0
SAWYER                   ,MI,1,58.0,0.0,0.0,0.0,0.0,,,0
SCHENECTADY              ,NY,1,68.0,0.0,0.0,0.0,0.0,,,0
SCHOFIELD BARRACKS       ,HI,1,20.0,0.0,0.0,0.0,0.0,,,1
SCOTIA                   ,NY,1,38.0,0.0,0.0,0.0,0.0,,,0
SCOTLAND NECK            ,NC,1,33.0,0.0,0.0,0.0,0.0,,,1
SCOTT CITY               ,MO,1,65.0,0.0,0.0,0.0,0.0,,,0
SCOTTSBLUFF              ,NE,1,16.0,0.0,0.0,0.0,0.0,,,1
SCOTTSDALE               ,AZ,1,19.0,0.0,0.0,0.0,0.0,,,1
SCRANTON                 ,PA,2,59.5,0.0,0.0,0.0,0.0,,,0
SEARCY                   ,AR,1,50.0,0.0,0.0,0.0,0.0,,,0
SEATTLE                  ,WA,7,40.714285714285715,0.0,0.0,0.0,0.0,,,0
SECTION                  ,AL,1,29.0,0.0,0.0,0.0,0.0,,,1
SELLS                    ,AZ,1,31.0,0.0,0.0,0.0,0.0,,,1
SELMA                    ,AL,2,25.0,0.0,0.0,0.0,0.0,,,1
SELMA                    ,OR,1,55.0,0.0,0.0,0.0,0.0,,,0
SEWARD                   ,AK,1,69.0,0.0,0.0,0.0,0.0,,,0
SHAKOPEE                 ,MN,1,16.0,0.0,0.0,0.0,0.0,,,1
SHAWNEE                  ,KS,1,43.0,0.0,0.0,0.0,0.0,,,0
SHAWNEE                  ,OK,1,58.0,0.0,0.0,0.0,0.0,,,0
SHAWNEE COUNTY           ,KS,1,49.0,0.0,0.0,0.0,0.0,,,0
SHELBY                   ,NC,1,34.0,0.0,0.0,0.0,0.0,,,1
SHELBYVILLE              ,TN,1,18.0,0.0,0.0,0.0,0.0,,,1
SHELL POINT              ,SC,1,41.0,0.0,0.0,0.0,0.0,,,0
SHIPROCK                 ,NM,1,37.0,0.0,0.0,0.0,0.0,,,0
SHIRAZ                   ,  ,1,13.0,0.0,0.0,0.0,0.0,,,1
SHOSHONE                 ,ID,1,30.0,0.0,0.0,0.0,0.0,,,1
SHREVEPORT               ,LA,2,44.0,0.0,0.0,0.0,0.0,,,0
SILVER CITY              ,NM,1,33.0,0.0,0.0,0.0,0.0,,,1
SIMI VALLEY              ,CA,2,19.0,0.0,0.0,0.0,0.0,,,1
SIOUX FALLS              ,SD,2,16.0,0.0,0.0,0.0,0.0,,,1
SISTERS                  ,OR,1,48.0,0.0,0.0,0.0,0.0,,,0
SKIDMORE                 ,MO,1,44.0,0.0,0.0,0.0,0.0,,,0
SMITHS STATION           ,AL,1,16.0,0.0,0.0,0.0,0.0,,,1
SMOAKS                   ,SC,2,10.5,0.0,0.0,0.0,0.0,,,1
SMYRNA                   ,TN,1,19.0,0.0,0.0,0.0,0.0,,,1
SNELLVILLE               ,GA,1,16.0,0.0,0.0,0.0,0.0,,,1
SNOHOMISH                ,WA,3,41.0,0.0,0.0,0.0,0.0,,,0
SOLOMONS                 ,MD,1,21.0,0.0,0.0,0.0,0.0,,,1
SOMERVILLE               ,MA,1,16.0,0.0,0.0,0.0,0.0,,,1
SOUTH BEND               ,IN,4,24.75,0.0,0.0,0.0,0.0,,,1
SOUTH BOSTON             ,VA,1,30.0,0.0,0.0,0.0,0.0,,,1
SOUTH EL MONTE           ,CA,1,11.0,0.0,0.0,0.0,0.0,,,1
SOUTH ELGIN              ,IL,1,26.0,0.0,0.0,0.0,0.0,,,1
SOUTH LAKE TAHOE         ,CA,1,43.0,0.0,0.0,0.0,0.0,,,0
SPANAWAY                 ,WA,1,61.0,0.0,0.0,0.0,0.0,,,0
SPANISH FORK             ,UT,1,45.0,0.0,0.0,0.0,0.0,,,0
SPARKS                   ,NV,1,62.0,0.0,0.0,0.0,0.0,,,0
SPARTANBURG              ,SC,1,15.0,0.0,0.0,0.0,0.0,,,1
SPLENDORA                ,TX,1,27.0,0.0,0.0,0.0,0.0,,,1
SPOKANE                  ,WA,5,29.4,0.0,0.0,0.0,0.0,,,1
SPOKANE VALLEY           ,WA,1,17.0,0.0,0.0,0.0,0.0,,,1
SPOONER                  ,WI,1,44.0,0.0,0.0,0.0,0.0,,,0
SPRING                   ,TX,3,30.0,0.0,0.0,0.0,0.0,,,1
SPRING CITY              ,PA,1,41.0,0.0,0.0,0.0,0.0,,,0
SPRING HILL              ,KS,1,17.0,0.0,0.0,0.0,0.0,,,1
SPRING LAKE              ,NC,1,41.0,0.0,0.0,0.0,0.0,,,0
SPRING VALLEY            ,CA,2,34.5,0.0,0.0,0.0,0.0,,,1
SPRINGDALE               ,AR,1,20.0,0.0,0.0,0.0,0.0,,,1
SPRINGDALE               ,PA,1,56.0,0.0,0.0,0.0,0.0,,,0
SPRINGFIELD              ,IL,1,17.0,0.0,0.0,0.0,0.0,,,1
SPRINGFIELD              ,MA,11,16.636363636363637,0.0,0.0,0.0,0.0,,,1
SPRINGFIELD              ,MO,3,39.0,0.0,0.0,0.0,0.0,,,0
SPRINGFIELD              ,OH,1,17.0,0.0,0.0,0.0,0.0,,,1
SPRINGFIELD              ,TN,1,23.0,0.0,0.0,0.0,0.0,,,1
SPRINGFIELD              ,VA,1,9.0,0.0,0.0,0.0,0.0,,,1
ST. LOUIS                ,MO,2,17.0,0.0,0.0,0.0,0.0,,,1
ST. PETERSBURG           ,FL,1,51.0,0.0,0.0,0.0,0.0,,,0
STAPLETON                ,AL,1,16.0,0.0,0.0,0.0,0.0,,,1
STATEN ISLAND            ,NY,5,46.6,0.0,0.0,0.0,0.0,,,0
STATHAM                  ,GA,1,16.0,0.0,0.0,0.0,0.0,,,1
STELLA                   ,MO,1,17.0,0.0,0.0,0.0,0.0,,,1
STERLING                 ,AK,2,57.0,0.0,0.0,0.0,0.0,,,0
STERLING                 ,IL,1,65.0,0.0,0.0,0.0,0.0,,,0
STILWELL                 ,OK,1,20.0,0.0,0.0,0.0,0.0,,,1
STOCKTON                 ,CA,6,24.833333333333332,0.0,0.0,0.0,0.0,,,1
STONE MOUNTAIN           ,GA,1,16.0,0.0,0.0,0.0,0.0,,,1
STOW                     ,MA,1,55.0,0.0,0.0,0.0,0.0,,,0
STRASBURG                ,VA,1,26.0,0.0,0.0,0.0,0.0,,,1
STURGIS                  ,MI,1,33.0,0.0,0.0,0.0,0.0,,,1
STUTTGART                ,AR,1,26.0,0.0,0.0,0.0,0.0,,,1
SUFFERN                  ,NY,1,26.0,0.0,0.0,0.0,0.0,,,1
SUMMERDALE               ,AL,1,18.0,0.0,0.0,0.0,0.0,,,1
SUMMERVILLE              ,SC,3,16.666666666666668,0.0,0.0,0.0,0.0,,,1
SUNNYVALE                ,CA,1,9.0,0.0,0.0,0.0,0.0,,,1
SURPRISE                 ,AZ,2,16.5,0.0,0.0,0.0,0.0,,,1
SUTTER CREEK             ,CA,1,22.0,0.0,0.0,0.0,0.0,,,1
SYLMAR                   ,CA,1,17.0,0.0,0.0,0.0,0.0,,,1
SYLVA                    ,NC,1,16.0,0.0,0.0,0.0,0.0,,,1
SYLVANIA                 ,GA,1,52.0,0.0,0.0,0.0,0.0,,,0
SYLVANIA                 ,OH,1,17.0,0.0,0.0,0.0,0.0,,,1
SYRACUSE                 ,NY,2,38.5,0.0,0.0,0.0,0.0,,,0
TACOMA                   ,WA,7,43.57142857142857,0.0,0.0,0.0,0.0,,,0
TAHOLAH                  ,WA,2,58.5,0.0,0.0,0.0,0.0,,,0
TALBOTT                  ,TN,1,17.0,0.0,0.0,0.0,0.0,,,1
TALLAHASSEE              ,FL,4,28.75,0.0,0.0,0.0,0.0,,,1
TAMARAC                  ,FL,1,17.0,0.0,0.0,0.0,0.0,,,1
TAMAROA                  ,IL,1,14.0,0.0,0.0,0.0,0.0,,,1
TAMPA                    ,FL,16,25.0,0.0,0.0,0.0,0.0,,,1
TARENTUM                 ,PA,2,53.5,0.0,0.0,0.0,0.0,,,0
TAYLORS                  ,SC,1,17.0,0.0,0.0,0.0,0.0,,,1
TEHACHAPI                ,CA,1,28.0,0.0,0.0,0.0,0.0,,,1
TEMECULA                 ,CA,1,45.0,0.0,0.0,0.0,0.0,,,0
TEMPE                    ,AZ,6,22.333333333333332,0.0,0.0,0.0,0.0,,,1
TEMPLE                   ,TX,1,51.0,0.0,0.0,0.0,0.0,,,0
TEMPLE HILLS             ,MD,1,20.0,0.0,0.0,0.0,0.0,,,1
TEQUESTA                 ,FL,1,24.0,0.0,0.0,0.0,0.0,,,1
TETERBORO                ,NJ,1,17.0,0.0,0.0,0.0,0.0,,,1
TEXARKANA                ,TX,1,43.0,0.0,0.0,0.0,0.0,,,0
TEZOYUCA                 ,  ,1,19.0,0.0,0.0,0.0,0.0,,,1
THOMASTON                ,GA,2,16.5,0.0,0.0,0.0,0.0,,,1
THOMSON                  ,GA,2,17.0,0.0,0.0,0.0,0.0,,,1
THORNTON                 ,CO,2,16.5,0.0,0.0,0.0,0.0,,,1
THORNTOWN                ,IN,1,44.0,0.0,0.0,0.0,0.0,,,0
THORNVILLE               ,OH,1,17.0,0.0,0.0,0.0,0.0,,,1
THOUSAND PALMS           ,CA,1,36.0,0.0,0.0,0.0,0.0,,,0
TIFTON                   ,GA,2,25.5,0.0,0.0,0.0,0.0,,,1
TIGARD                   ,OR,1,17.0,0.0,0.0,0.0,0.0,,,1
TIJUANA                  ,  ,1,8.0,0.0,0.0,0.0,0.0,,,1
TILLAMOOK                ,OR,1,13.0,0.0,0.0,0.0,0.0,,,1
TOA ALTA                 ,PR,1,30.0,0.0,0.0,0.0,0.0,,,1
TOLEDO                   ,OH,10,20.0,0.0,0.0,0.0,0.0,,,1
TOLLAND                  ,CT,1,59.0,0.0,0.0,0.0,0.0,,,0
TOLLESON                 ,AZ,2,16.5,0.0,0.0,0.0,0.0,,,1
TOOELE                   ,UT,1,35.0,0.0,0.0,0.0,0.0,,,1
TOPEKA                   ,KS,4,20.25,0.0,0.0,0.0,0.0,,,1
TORRANCE                 ,CA,1,74.0,0.0,0.0,0.0,0.0,,,0
TOWANDA                  ,KS,1,37.0,0.0,0.0,0.0,0.0,,,0
TOWNSEND                 ,MA,1,61.0,0.0,0.0,0.0,0.0,,,0
TRACY                    ,CA,2,27.5,0.0,0.0,0.0,0.0,,,1
TRAVELERS REST           ,SC,1,24.0,0.0,0.0,0.0,0.0,,,1
TRENTON                  ,MI,1,49.0,0.0,0.0,0.0,0.0,,,0
TRENTON                  ,NE,1,24.0,0.0,0.0,0.0,0.0,,,1
TRENTON                  ,NJ,1,37.0,0.0,0.0,0.0,0.0,,,0
TROUP                    ,TX,2,44.0,0.0,0.0,0.0,0.0,,,0
TROY                     ,NY,1,17.0,0.0,0.0,0.0,0.0,,,1
TRUJILLO ALTO            ,PR,2,18.0,0.0,0.0,0.0,0.0,,,1
TUCSON                   ,AZ,16,24.4375,0.0,0.0,0.0,0.0,,,1
TUKWILA                  ,WA,1,35.0,0.0,0.0,0.0,0.0,,,1
TULSA                    ,OK,8,33.0,0.0,0.0,0.0,0.0,,,1
TUNNEL HILL              ,GA,1,61.0,0.0,0.0,0.0,0.0,,,0
TUPELO                   ,MS,1,45.0,0.0,0.0,0.0,0.0,,,0
TUPPER LAKE              ,NY,1,31.0,0.0,0.0,0.0,0.0,,,1
TURLOCK                  ,CA,1,30.0,0.0,0.0,0.0,0.0,,,1
TUSKEGEE                 ,AL,1,40.0,0.0,0.0,0.0,0.0,,,0
TUSLA                    ,OK,1,16.0,0.0,0.0,0.0,0.0,,,1
TUSTIN                   ,CA,1,17.0,0.0,0.0,0.0,0.0,,,1
TYLER                    ,TX,2,37.5,0.0,0.0,0.0,0.0,,,0
TYRONE                   ,PA,1,66.0,0.0,0.0,0.0,0.0,,,0
UNADILLA                 ,GA,1,35.0,0.0,0.0,0.0,0.0,,,1
UNCASVILLE               ,CT,1,44.0,0.0,0.0,0.0,0.0,,,0
UNION                    ,MO,1,44.0,0.0,0.0,0.0,0.0,,,0
UNION CITY               ,TN,1,42.0,0.0,0.0,0.0,0.0,,,0
UNIONVILLE               ,TN,2,20.0,0.0,0.0,0.0,0.0,,,1
UNIVERSAL CITY           ,TX,1,17.0,0.0,0.0,0.0,0.0,,,1
UPLAND                   ,CA,1,48.0,0.0,0.0,0.0,0.0,,,0
UPPER DARBY              ,PA,1,12.0,0.0,0.0,0.0,0.0,,,1
URBANA                   ,IL,1,17.0,0.0,0.0,0.0,0.0,,,1
UTICA                    ,NY,1,38.0,0.0,0.0,0.0,0.0,,,0
VALDOSTA                 ,GA,1,25.0,0.0,0.0,0.0,0.0,,,1
VALLEJO                  ,CA,2,21.5,0.0,0.0,0.0,0.0,,,1
VALRICO                  ,FL,1,27.0,0.0,0.0,0.0,0.0,,,1
VAN BUREN                ,AR,1,42.0,0.0,0.0,0.0,0.0,,,0
VAN NUYS                 ,CA,9,17.88888888888889,0.0,0.0,0.0,0.0,,,1
VANCOUVER                ,WA,4,51.5,0.0,0.0,0.0,0.0,,,0
VASSAR                   ,MI,2,17.0,0.0,0.0,0.0,0.0,,,1
VAUGHAN                  ,MS,1,17.0,0.0,0.0,0.0,0.0,,,1
VEGA ALTA                ,PR,1,18.0,0.0,0.0,0.0,0.0,,,1
VEGA BAJA                ,PR,1,18.0,0.0,0.0,0.0,0.0,,,1
VENICE                   ,CA,1,60.0,0.0,0.0,0.0,0.0,,,0
VENTURA                  ,CA,1,18.0,0.0,0.0,0.0,0.0,,,1
VERNON                   ,AL,1,17.0,0.0,0.0,0.0,0.0,,,1
VERNON                   ,CT,2,67.0,0.0,0.0,0.0,0.0,,,0
VICTORIA                 ,TX,3,19.333333333333332,0.0,0.0,0.0,0.0,,,1
VICTORVILLE              ,CA,2,17.5,0.0,0.0,0.0,0.0,,,1
VIENNA                   ,MO,1,17.0,0.0,0.0,0.0,0.0,,,1
VIEW PARK                ,CA,1,17.0,0.0,0.0,0.0,0.0,,,1
VINELAND                 ,NJ,1,66.0,0.0,0.0,0.0,0.0,,,0
VIRGINIA BEACH           ,VA,4,38.75,0.0,0.0,0.0,0.0,,,0
VISALIA                  ,CA,3,16.0,0.0,0.0,0.0,0.0,,,1
VISTA                    ,CA,1,19.0,0.0,0.0,0.0,0.0,,,1
WAHIAWA                  ,HI,1,62.0,0.0,0.0,0.0,0.0,,,0
WAIANAE                  ,HI,2,17.0,0.0,0.0,0.0,0.0,,,1
WAILUKU                  ,HI,1,17.0,0.0,0.0,0.0,0.0,,,1
WAIMANALO                ,HI,1,10.0,0.0,0.0,0.0,0.0,,,1
WALDRON                  ,AR,1,17.0,0.0,0.0,0.0,0.0,,,1
WALL TOWNSHIP            ,NJ,1,70.0,0.0,0.0,0.0,0.0,,,0
WALLINGFORD              ,CT,1,49.0,0.0,0.0,0.0,0.0,,,0
WALTERBORO               ,SC,1,33.0,0.0,0.0,0.0,0.0,,,1
WALTON                   ,NE,1,16.0,0.0,0.0,0.0,0.0,,,1
WARMINSTER               ,PA,1,17.0,0.0,0.0,0.0,0.0,,,1
WARREN                   ,MI,1,58.0,0.0,0.0,0.0,0.0,,,0
WARRENTON                ,OR,1,59.0,0.0,0.0,0.0,0.0,,,0
WARWICK                  ,RI,1,16.0,0.0,0.0,0.0,0.0,,,1
WASCO                    ,CA,1,18.0,0.0,0.0,0.0,0.0,,,1
WASHINGTON               ,DC,7,28.428571428571427,0.0,0.0,0.0,0.0,,,1
WASILLA                  ,AK,3,23.666666666666668,0.0,0.0,0.0,0.0,,,1
WASSAIC                  ,NY,1,68.0,0.0,0.0,0.0,0.0,,,0
WATERBURY                ,CT,2,30.0,0.0,0.0,0.0,0.0,,,1
WATERTOWN                ,NY,1,43.0,0.0,0.0,0.0,0.0,,,0
WATERVILLE               ,ME,1,14.0,0.0,0.0,0.0,0.0,,,1
WATERVILLE               ,WA,1,68.0,0.0,0.0,0.0,0.0,,,0
WATSONVILLE              ,CA,1,40.0,0.0,0.0,0.0,0.0,,,0
WAYNESVILLE              ,MO,1,16.0,0.0,0.0,0.0,0.0,,,1
WEATHERFORD              ,TX,1,19.0,0.0,0.0,0.0,0.0,,,1
WEBB CITY                ,MO,1,47.0,0.0,0.0,0.0,0.0,,,0
WEBSTER                  ,MA,1,51.0,0.0,0.0,0.0,0.0,,,0
WEBSTER                  ,NY,1,17.0,0.0,0.0,0.0,0.0,,,1
WELCH                    ,OK,2,41.0,0.0,0.0,0.0,0.0,,,0
WELLS                    ,TX,1,4.0,0.0,0.0,0.0,0.0,,,1
WENATCHEE                ,WA,1,16.0,0.0,0.0,0.0,0.0,,,1
WEST CHESTER             ,OH,1,17.0,0.0,0.0,0.0,0.0,,,1
WEST CHESTERFIELD        ,NH,1,39.0,0.0,0.0,0.0,0.0,,,0
WEST COVINA              ,CA,3,22.0,0.0,0.0,0.0,0.0,,,1
WEST PALM BEACH          ,FL,8,26.375,0.0,0.0,0.0,0.0,,,1
WEST POINT               ,VA,1,84.0,0.0,0.0,0.0,0.0,,,0
WEST SACRAMENTO          ,CA,1,42.0,0.0,0.0,0.0,0.0,,,0
WEST UNION               ,OH,1,15.0,0.0,0.0,0.0,0.0,,,1
WESTAMPTON TOWNSHIP      ,NJ,1,63.0,0.0,0.0,0.0,0.0,,,0
WESTFIELD                ,MA,2,32.5,0.0,0.0,0.0,0.0,,,1
WESTMINSTER              ,CA,2,31.0,0.0,0.0,0.0,0.0,,,1
WESTMINSTER              ,CO,1,24.0,0.0,0.0,0.0,0.0,,,1
WESTON                   ,WI,1,23.0,0.0,0.0,0.0,0.0,,,1
WESTWEGO                 ,LA,1,52.0,0.0,0.0,0.0,0.0,,,0
WHEATON                  ,MD,2,61.0,0.0,0.0,0.0,0.0,,,0
WHITEFISH                ,MT,1,64.0,0.0,0.0,0.0,0.0,,,0
WHITEHALL                ,OH,1,16.0,0.0,0.0,0.0,0.0,,,1
WHITERIVER               ,AZ,1,19.0,0.0,0.0,0.0,0.0,,,1
WHITEWATER               ,WI,4,12.5,0.0,0.0,0.0,0.0,,,1
WICHITA                  ,KS,11,19.272727272727273,0.0,0.0,0.0,0.0,,,1
WICHITA FALLS            ,TX,1,48.0,0.0,0.0,0.0,0.0,,,0
WILLIAMSBURG             ,VA,3,31.0,0.0,0.0,0.0,0.0,,,1
WILLIAMSPORT             ,OH,1,16.0,0.0,0.0,0.0,0.0,,,1
WILLINGBORO              ,NJ,1,40.0,0.0,0.0,0.0,0.0,,,0
WILLISTON                ,ND,1,59.0,0.0,0.0,0.0,0.0,,,0
WILLMAR                  ,MN,1,67.0,0.0,0.0,0.0,0.0,,,0
WILLOUGHBY               ,OH,1,16.0,0.0,0.0,0.0,0.0,,,1
WILLOW                   ,AK,1,44.0,0.0,0.0,0.0,0.0,,,0
WILLSBORO                ,NY,1,16.0,0.0,0.0,0.0,0.0,,,1
WILMINGTON               ,DE,3,27.0,0.0,0.0,0.0,0.0,,,1
WILMINGTON               ,NC,2,16.5,0.0,0.0,0.0,0.0,,,1
WILSON                   ,NC,1,16.0,0.0,0.0,0.0,0.0,,,1
WILSON                   ,OK,1,28.0,0.0,0.0,0.0,0.0,,,1
WINCHESTER               ,VA,1,15.0,0.0,0.0,0.0,0.0,,,1
WINKELMAN                ,AZ,1,9.0,0.0,0.0,0.0,0.0,,,1
WINSTON SALEM            ,NC,2,16.5,0.0,0.0,0.0,0.0,,,1
WINSTON-SALEM            ,NC,1,68.0,0.0,0.0,0.0,0.0,,,0
WINTER HAVEN             ,FL,1,59.0,0.0,0.0,0.0,0.0,,,0
WOBURN                   ,MA,1,50.0,0.0,0.0,0.0,0.0,,,0
WOMELSDORF               ,PA,1,13.0,0.0,0.0,0.0,0.0,,,1
WOODBRIDGE               ,VA,1,65.0,0.0,0.0,0.0,0.0,,,0
WOODINVILLE              ,WA,1,5.0,0.0,0.0,0.0,0.0,,,1
WOODLAND                 ,CA,1,25.0,0.0,0.0,0.0,0.0,,,1
WOODLAND                 ,NC,1,67.0,0.0,0.0,0.0,0.0,,,0
WOODLAND HILLS           ,CA,5,16.0,0.0,0.0,0.0,0.0,,,1
WOODSIDE                 ,NY,1,71.0,0.0,0.0,0.0,0.0,,,0
WOODSTOCK                ,VA,1,16.0,0.0,0.0,0.0,0.0,,,1
WOODWARD                 ,OK,1,28.0,0.0,0.0,0.0,0.0,,,1
WOONSOCKET               ,RI,1,16.0,0.0,0.0,0.0,0.0,,,1
WORCESTER                ,MA,7,18.714285714285715,0.0,0.0,0.0,0.0,,,1
WORTHAM                  ,TX,1,39.0,0.0,0.0,0.0,0.0,,,0
WRIGHTSVILLE             ,PA,1,21.0,0.0,0.0,0.0,0.0,,,1
WYNNE                    ,AR,1,32.0,0.0,0.0,0.0,0.0,,,1
WYOMING                  ,MI,1,17.0,0.0,0.0,0.0,0.0,,,1
YABUCOA                  ,PR,1,38.0,0.0,0.0,0.0,0.0,,,0
YAKIMA                   ,WA,1,17.0,0.0,0.0,0.0,0.0,,,1
YEREVAN                  ,  ,1,6.0,0.0,0.0,0.0,0.0,,,1
YONKERS                  ,NY,1,13.0,0.0,0.0,0.0,0.0,,,1
YORBA LINDA              ,CA,1,18.0,0.0,0.0,0.0,0.0,,,1
YORK                     ,PA,1,16.0,0.0,0.0,0.0,0.0,,,1
YORKTON                  ,  ,1,25.0,0.0,0.0,0.0,0.0,,,1
YOSEMITE NAT. PARK       ,CA,1,58.0,0.0,0.0,0.0,0.0,,,0
YOUNGSTOWN               ,OH,4,16.5,0.0,0.0,0.0,0.0,,,1
YPSILANTI                ,MI,1,54.0,0.0,0.0,0.0,0.0,,,0
YUMA                     ,AZ,3,34.666666666666664,0.0,0.0,0.0,0.0,,,1
ZANESVILLE               ,OH,1,16.0,0.0,0.0,0.0,0.0,,,1
ZELIENOPLE               ,PA,1,60.0,0.0,0.0,0.0,0.0,,,0
